﻿<?xml version="1.0" encoding="utf-8"?>
<Page DynamicData="/GameData.Spells.Window" DynamicDataFilter="0001" eq2usescomwndcontrols="true" Location="332,572" MaximumSize="600,50" MinimumSize="200,46" Name="Casting" PackLocation="center,bottom" ScrollExtent="300,46" Size="300,46" UserMovable="true" UserResizable="true">
    <Text DynamicData="/GameData.General.Time" DynamicDataFilter="FFFE" Name="AutoLoad" OnShow="show_window MainHUD.Casting.Load" OnTextChanged="show_window MainHUD.Casting.AutoLoad" Visible="false" />
    <Text DynamicData="/GameData.Target.Name" Name="TargetName" Visible="false" />
    <Text DynamicData="/GameData.Self.Name" Name="PlayerName" Visible="false" />
    <Button Name="Load" OnShow="show_window MainHUD.Casting&#xD;&#xA;hide_window MainHUD.Casting&#xD;&#xA;show_window Custom.DrumsUI_CM_Settings&#xD;&#xA;Parent.LoadCheck.OnTextChanged=Parent.LoadCheck.codeToCopy&#xD;&#xA;Visible=false" Visible="false" />
    <Text codeToCopy="COND1=(Parent.Parent.Name == &apos;_HUD&apos;)&#xD;&#xA;COND2=(Parent.Parent.DrumsUI_CM_Settings.Name == &apos;DrumsUI_CM_Settings&apos;)&#xD;&#xA;COND=(COND1 &amp;&amp; COND2)&#xD;&#xA;Parent.Init.visible=COND ? true : false&#xD;&#xA;Visible=COND ? false : true&#xD;&#xA;&#xD;&#xA;COND=(Parent.Parent.Name == &apos;MainHUD&apos;)&#xD;&#xA;Visible=COND ? false : true" DynamicData="/GameData.General.Time" Name="LoadCheck" OnHide="OnTextChanged=&apos;&apos;" />
    <Button Name="Init" OnShow="Parent.LoadAllLoop.OnHide=Parent.LoadAllLoop.OnxHide&#xD;&#xA;Parent.SetupSlotsLoop.OnHide=Parent.SetupSlotsLoop.OnxHide&#xD;&#xA;Parent.LoadAllLoop.visible=true&#xD;&#xA;&#xD;&#xA;Visible=false" Visible="false" />
    <Button Name="DoCommand" OnPress=" " OnShow="Parent.DoCommand.press=true&#xD;&#xA;Visible=false" Visible="false" />
    <Button iCount="1" Name="LoadAllLoop" OnShow="Parent.DoCommand.onpress=(&apos;Parent.SetupAllCmd.sCMD=&apos; ## iCount)&#xD;&#xA;Parent.DoCommand.press=true&#xD;&#xA;Parent.DoCommand.onpress=(&apos;Parent.SetupAllCmd.press=true&apos;)&#xD;&#xA;Parent.DoCommand.press=true&#xD;&#xA;&#xD;&#xA;iCount=(iCount + 1)&#xD;&#xA;Visible=false" OnxHide="bCheck=(iCount &gt; 50)&#xD;&#xA;iCount=(bCheck ? 1 : iCount)&#xD;&#xA;Visible=(bCheck ? false : true)&#xD;&#xA;Parent.SetupSlotsLoop.visible=(bCheck ? true : false)" Visible="false" />
    <Button Name="SetupAllCmd" OnPress="sNAME=Parent.PlayerName.Text&#xD;&#xA;&#xD;&#xA;Parent.DoCommand.onpress=(&apos;Parent.SetupCmd.bCheckCmd=Parent.Parent.Parent.Custom.DrumsUI_CM_Settings.POI.DrumsUI_&apos; ## sNAME ## &apos;.&apos; ## sCMD ## &apos;.PoiShowAlways&apos;)&#xD;&#xA;Parent.DoCommand.press=true&#xD;&#xA;Parent.DoCommand.onpress=(&apos;Parent.SetupCmd.sUserCmd=Parent.Parent.Parent.Custom.DrumsUI_CM_Settings.POI.DrumsUI_&apos; ## sNAME ## &apos;.&apos; ## sCMD ## &apos;.PoiDescription&apos;)&#xD;&#xA;Parent.DoCommand.press=true&#xD;&#xA;Parent.DoCommand.onpress=(&apos;Parent.SetupCmd.sDefaultCmd=Parent.UserSettings.&apos; ## sCMD ## &apos;.defCmd&apos;)&#xD;&#xA;Parent.DoCommand.press=true&#xD;&#xA;Parent.SetupCmd.press=true&#xD;&#xA;&#xD;&#xA;Parent.DoCommand.onpress=(&apos;Parent.UserSettings.&apos; ## sCMD ## &apos;.cmd=(Parent.SetupCmd.sCOND)&apos;)&#xD;&#xA;Parent.DoCommand.press=true" Visible="false" />
    <Button Name="SetupCmd" OnPress="bCheckUser=(bCheckCmd == true)&#xD;&#xA;sCOND=(bCheckCmd ? sUserCmd : sDefaultCmd)" Visible="false" />
    <Button iCount="1" Name="SetupSlotsLoop" OnShow="Parent.DoCommand.onpress=(&apos;Parent.UserSettings.&apos; ## iCount ## &apos;.Visible=true&apos;)&#xD;&#xA;Parent.DoCommand.press=true&#xD;&#xA;&#xD;&#xA;iCount=(iCount + 1)&#xD;&#xA;Visible=false" OnxHide="bCheck=(iCount &gt; 50)&#xD;&#xA;iCount=(bCheck ? 1 : iCount)&#xD;&#xA;Visible=(bCheck ? false : true)" Visible="false" />
    <Page Name="Slots">
        <Page Name="1" />
        <Page Name="2" />
        <Page Name="3" />
        <Page Name="4" />
        <Page Name="5" />
        <Page Name="6" />
        <Page Name="7" />
        <Page Name="8" />
        <Page Name="9" />
        <Page Name="10" />
        <Page Name="11" />
        <Page Name="12" />
        <Page Name="13" />
        <Page Name="14" />
        <Page Name="15" />
        <Page Name="16" />
        <Page Name="17" />
        <Page Name="18" />
        <Page Name="19" />
        <Page Name="20" />
        <Page Name="21" />
        <Page Name="22" />
        <Page Name="23" />
        <Page Name="24" />
        <Page Name="25" />
        <Page Name="26" />
        <Page Name="27" />
        <Page Name="28" />
        <Page Name="29" />
        <Page Name="30" />
        <Page Name="31" />
        <Page Name="32" />
        <Page Name="33" />
        <Page Name="34" />
        <Page Name="35" />
        <Page Name="36" />
        <Page Name="37" />
        <Page Name="38" />
        <Page Name="39" />
        <Page Name="40" />
        <Page Name="41" />
        <Page Name="42" />
        <Page Name="43" />
        <Page Name="44" />
        <Page Name="45" />
        <Page Name="46" />
        <Page Name="47" />
        <Page Name="48" />
        <Page Name="49" />
        <Page Name="50" />
    </Page>
    <Page Name="UserSettings">
        <Button Name="DoCommand" OnPress=" " OnShow="Parent.DoCommand.press=true&#xD;&#xA;Visible=false" Visible="false" />
        <Page cmd="Ability Name Here" defCmd="Ability Name Here" Name="1" OnDisable="OnEnable=(&apos;&quot;Parent.Parent.Slots.&apos; ## sNewName ## &apos;.Name&quot;=&apos; ## Name)&#xD;&#xA;Enabled=true&#xD;&#xA;Visible=true" OnShow="bCheck=(cmd == defCmd)&#xD;&#xA;sNewName=(bCheck ? Name : cmd)&#xD;&#xA;Parent.DoCommand.onpress=(&apos;Parent.&apos; ## Name ## &apos;.sMacro=Parent.Parent.Parent.Parent.Custom.DrumsUI_CM_Settings.POI.DrumsUI_&apos; ## Parent.Parent.PlayerName.Text ## &apos;.&apos; ## Name ## &apos;_Macro.PoiDescription&apos;)&#xD;&#xA;Parent.DoCommand.visible=(bCheck ? false : true)&#xD;&#xA;Parent.DoCommand.onpress=(&apos;Parent.Parent.Slots.&apos; ## Name ## &apos;.sMacro=Parent.&apos; ## Name ## &apos;.sMacro&apos;)&#xD;&#xA;Parent.DoCommand.visible=(bCheck ? false : true)&#xD;&#xA;sMacro=(bCheck ? &apos; &apos; : sMacro)&#xD;&#xA;OnHide=(&apos;Parent.Parent.Slots.&apos; ## Name ## &apos;.Name=sNewName&apos;)&#xD;&#xA;Visible=false" Visible="false" />
        <Page cmd="Ability Name Here" defCmd="Ability Name Here" Name="2" OnDisable="OnEnable=(&apos;&quot;Parent.Parent.Slots.&apos; ## sNewName ## &apos;.Name&quot;=&apos; ## Name)&#xD;&#xA;Enabled=true&#xD;&#xA;Visible=true" OnShow="bCheck=(cmd == defCmd)&#xD;&#xA;sNewName=(bCheck ? Name : cmd)&#xD;&#xA;Parent.DoCommand.onpress=(&apos;Parent.&apos; ## Name ## &apos;.sMacro=Parent.Parent.Parent.Parent.Custom.DrumsUI_CM_Settings.POI.DrumsUI_&apos; ## Parent.Parent.PlayerName.Text ## &apos;.&apos; ## Name ## &apos;_Macro.PoiDescription&apos;)&#xD;&#xA;Parent.DoCommand.visible=(bCheck ? false : true)&#xD;&#xA;Parent.DoCommand.onpress=(&apos;Parent.Parent.Slots.&apos; ## Name ## &apos;.sMacro=Parent.&apos; ## Name ## &apos;.sMacro&apos;)&#xD;&#xA;Parent.DoCommand.visible=(bCheck ? false : true)&#xD;&#xA;sMacro=(bCheck ? &apos; &apos; : sMacro)&#xD;&#xA;OnHide=(&apos;Parent.Parent.Slots.&apos; ## Name ## &apos;.Name=sNewName&apos;)&#xD;&#xA;Visible=false" Visible="false" />
        <Page cmd="Ability Name Here" defCmd="Ability Name Here" Name="3" OnDisable="OnEnable=(&apos;&quot;Parent.Parent.Slots.&apos; ## sNewName ## &apos;.Name&quot;=&apos; ## Name)&#xD;&#xA;Enabled=true&#xD;&#xA;Visible=true" OnShow="bCheck=(cmd == defCmd)&#xD;&#xA;sNewName=(bCheck ? Name : cmd)&#xD;&#xA;Parent.DoCommand.onpress=(&apos;Parent.&apos; ## Name ## &apos;.sMacro=Parent.Parent.Parent.Parent.Custom.DrumsUI_CM_Settings.POI.DrumsUI_&apos; ## Parent.Parent.PlayerName.Text ## &apos;.&apos; ## Name ## &apos;_Macro.PoiDescription&apos;)&#xD;&#xA;Parent.DoCommand.visible=(bCheck ? false : true)&#xD;&#xA;Parent.DoCommand.onpress=(&apos;Parent.Parent.Slots.&apos; ## Name ## &apos;.sMacro=Parent.&apos; ## Name ## &apos;.sMacro&apos;)&#xD;&#xA;Parent.DoCommand.visible=(bCheck ? false : true)&#xD;&#xA;sMacro=(bCheck ? &apos; &apos; : sMacro)&#xD;&#xA;OnHide=(&apos;Parent.Parent.Slots.&apos; ## Name ## &apos;.Name=sNewName&apos;)&#xD;&#xA;Visible=false" Visible="false" />
        <Page cmd="Ability Name Here" defCmd="Ability Name Here" Name="4" OnDisable="OnEnable=(&apos;&quot;Parent.Parent.Slots.&apos; ## sNewName ## &apos;.Name&quot;=&apos; ## Name)&#xD;&#xA;Enabled=true&#xD;&#xA;Visible=true" OnShow="bCheck=(cmd == defCmd)&#xD;&#xA;sNewName=(bCheck ? Name : cmd)&#xD;&#xA;Parent.DoCommand.onpress=(&apos;Parent.&apos; ## Name ## &apos;.sMacro=Parent.Parent.Parent.Parent.Custom.DrumsUI_CM_Settings.POI.DrumsUI_&apos; ## Parent.Parent.PlayerName.Text ## &apos;.&apos; ## Name ## &apos;_Macro.PoiDescription&apos;)&#xD;&#xA;Parent.DoCommand.visible=(bCheck ? false : true)&#xD;&#xA;Parent.DoCommand.onpress=(&apos;Parent.Parent.Slots.&apos; ## Name ## &apos;.sMacro=Parent.&apos; ## Name ## &apos;.sMacro&apos;)&#xD;&#xA;Parent.DoCommand.visible=(bCheck ? false : true)&#xD;&#xA;sMacro=(bCheck ? &apos; &apos; : sMacro)&#xD;&#xA;OnHide=(&apos;Parent.Parent.Slots.&apos; ## Name ## &apos;.Name=sNewName&apos;)&#xD;&#xA;Visible=false" Visible="false" />
        <Page cmd="Ability Name Here" defCmd="Ability Name Here" Name="5" OnDisable="OnEnable=(&apos;&quot;Parent.Parent.Slots.&apos; ## sNewName ## &apos;.Name&quot;=&apos; ## Name)&#xD;&#xA;Enabled=true&#xD;&#xA;Visible=true" OnShow="bCheck=(cmd == defCmd)&#xD;&#xA;sNewName=(bCheck ? Name : cmd)&#xD;&#xA;Parent.DoCommand.onpress=(&apos;Parent.&apos; ## Name ## &apos;.sMacro=Parent.Parent.Parent.Parent.Custom.DrumsUI_CM_Settings.POI.DrumsUI_&apos; ## Parent.Parent.PlayerName.Text ## &apos;.&apos; ## Name ## &apos;_Macro.PoiDescription&apos;)&#xD;&#xA;Parent.DoCommand.visible=(bCheck ? false : true)&#xD;&#xA;Parent.DoCommand.onpress=(&apos;Parent.Parent.Slots.&apos; ## Name ## &apos;.sMacro=Parent.&apos; ## Name ## &apos;.sMacro&apos;)&#xD;&#xA;Parent.DoCommand.visible=(bCheck ? false : true)&#xD;&#xA;sMacro=(bCheck ? &apos; &apos; : sMacro)&#xD;&#xA;OnHide=(&apos;Parent.Parent.Slots.&apos; ## Name ## &apos;.Name=sNewName&apos;)&#xD;&#xA;Visible=false" Visible="false" />
        <Page cmd="Ability Name Here" defCmd="Ability Name Here" Name="6" OnDisable="OnEnable=(&apos;&quot;Parent.Parent.Slots.&apos; ## sNewName ## &apos;.Name&quot;=&apos; ## Name)&#xD;&#xA;Enabled=true&#xD;&#xA;Visible=true" OnShow="bCheck=(cmd == defCmd)&#xD;&#xA;sNewName=(bCheck ? Name : cmd)&#xD;&#xA;Parent.DoCommand.onpress=(&apos;Parent.&apos; ## Name ## &apos;.sMacro=Parent.Parent.Parent.Parent.Custom.DrumsUI_CM_Settings.POI.DrumsUI_&apos; ## Parent.Parent.PlayerName.Text ## &apos;.&apos; ## Name ## &apos;_Macro.PoiDescription&apos;)&#xD;&#xA;Parent.DoCommand.visible=(bCheck ? false : true)&#xD;&#xA;Parent.DoCommand.onpress=(&apos;Parent.Parent.Slots.&apos; ## Name ## &apos;.sMacro=Parent.&apos; ## Name ## &apos;.sMacro&apos;)&#xD;&#xA;Parent.DoCommand.visible=(bCheck ? false : true)&#xD;&#xA;sMacro=(bCheck ? &apos; &apos; : sMacro)&#xD;&#xA;OnHide=(&apos;Parent.Parent.Slots.&apos; ## Name ## &apos;.Name=sNewName&apos;)&#xD;&#xA;Visible=false" Visible="false" />
        <Page cmd="Ability Name Here" defCmd="Ability Name Here" Name="7" OnDisable="OnEnable=(&apos;&quot;Parent.Parent.Slots.&apos; ## sNewName ## &apos;.Name&quot;=&apos; ## Name)&#xD;&#xA;Enabled=true&#xD;&#xA;Visible=true" OnShow="bCheck=(cmd == defCmd)&#xD;&#xA;sNewName=(bCheck ? Name : cmd)&#xD;&#xA;Parent.DoCommand.onpress=(&apos;Parent.&apos; ## Name ## &apos;.sMacro=Parent.Parent.Parent.Parent.Custom.DrumsUI_CM_Settings.POI.DrumsUI_&apos; ## Parent.Parent.PlayerName.Text ## &apos;.&apos; ## Name ## &apos;_Macro.PoiDescription&apos;)&#xD;&#xA;Parent.DoCommand.visible=(bCheck ? false : true)&#xD;&#xA;Parent.DoCommand.onpress=(&apos;Parent.Parent.Slots.&apos; ## Name ## &apos;.sMacro=Parent.&apos; ## Name ## &apos;.sMacro&apos;)&#xD;&#xA;Parent.DoCommand.visible=(bCheck ? false : true)&#xD;&#xA;sMacro=(bCheck ? &apos; &apos; : sMacro)&#xD;&#xA;OnHide=(&apos;Parent.Parent.Slots.&apos; ## Name ## &apos;.Name=sNewName&apos;)&#xD;&#xA;Visible=false" Visible="false" />
        <Page cmd="Ability Name Here" defCmd="Ability Name Here" Name="8" OnDisable="OnEnable=(&apos;&quot;Parent.Parent.Slots.&apos; ## sNewName ## &apos;.Name&quot;=&apos; ## Name)&#xD;&#xA;Enabled=true&#xD;&#xA;Visible=true" OnShow="bCheck=(cmd == defCmd)&#xD;&#xA;sNewName=(bCheck ? Name : cmd)&#xD;&#xA;Parent.DoCommand.onpress=(&apos;Parent.&apos; ## Name ## &apos;.sMacro=Parent.Parent.Parent.Parent.Custom.DrumsUI_CM_Settings.POI.DrumsUI_&apos; ## Parent.Parent.PlayerName.Text ## &apos;.&apos; ## Name ## &apos;_Macro.PoiDescription&apos;)&#xD;&#xA;Parent.DoCommand.visible=(bCheck ? false : true)&#xD;&#xA;Parent.DoCommand.onpress=(&apos;Parent.Parent.Slots.&apos; ## Name ## &apos;.sMacro=Parent.&apos; ## Name ## &apos;.sMacro&apos;)&#xD;&#xA;Parent.DoCommand.visible=(bCheck ? false : true)&#xD;&#xA;sMacro=(bCheck ? &apos; &apos; : sMacro)&#xD;&#xA;OnHide=(&apos;Parent.Parent.Slots.&apos; ## Name ## &apos;.Name=sNewName&apos;)&#xD;&#xA;Visible=false" Visible="false" />
        <Page cmd="Ability Name Here" defCmd="Ability Name Here" Name="9" OnDisable="OnEnable=(&apos;&quot;Parent.Parent.Slots.&apos; ## sNewName ## &apos;.Name&quot;=&apos; ## Name)&#xD;&#xA;Enabled=true&#xD;&#xA;Visible=true" OnShow="bCheck=(cmd == defCmd)&#xD;&#xA;sNewName=(bCheck ? Name : cmd)&#xD;&#xA;Parent.DoCommand.onpress=(&apos;Parent.&apos; ## Name ## &apos;.sMacro=Parent.Parent.Parent.Parent.Custom.DrumsUI_CM_Settings.POI.DrumsUI_&apos; ## Parent.Parent.PlayerName.Text ## &apos;.&apos; ## Name ## &apos;_Macro.PoiDescription&apos;)&#xD;&#xA;Parent.DoCommand.visible=(bCheck ? false : true)&#xD;&#xA;Parent.DoCommand.onpress=(&apos;Parent.Parent.Slots.&apos; ## Name ## &apos;.sMacro=Parent.&apos; ## Name ## &apos;.sMacro&apos;)&#xD;&#xA;Parent.DoCommand.visible=(bCheck ? false : true)&#xD;&#xA;sMacro=(bCheck ? &apos; &apos; : sMacro)&#xD;&#xA;OnHide=(&apos;Parent.Parent.Slots.&apos; ## Name ## &apos;.Name=sNewName&apos;)&#xD;&#xA;Visible=false" Visible="false" />
        <Page cmd="Ability Name Here" defCmd="Ability Name Here" Name="10" OnDisable="OnEnable=(&apos;&quot;Parent.Parent.Slots.&apos; ## sNewName ## &apos;.Name&quot;=&apos; ## Name)&#xD;&#xA;Enabled=true&#xD;&#xA;Visible=true" OnShow="bCheck=(cmd == defCmd)&#xD;&#xA;sNewName=(bCheck ? Name : cmd)&#xD;&#xA;Parent.DoCommand.onpress=(&apos;Parent.&apos; ## Name ## &apos;.sMacro=Parent.Parent.Parent.Parent.Custom.DrumsUI_CM_Settings.POI.DrumsUI_&apos; ## Parent.Parent.PlayerName.Text ## &apos;.&apos; ## Name ## &apos;_Macro.PoiDescription&apos;)&#xD;&#xA;Parent.DoCommand.visible=(bCheck ? false : true)&#xD;&#xA;Parent.DoCommand.onpress=(&apos;Parent.Parent.Slots.&apos; ## Name ## &apos;.sMacro=Parent.&apos; ## Name ## &apos;.sMacro&apos;)&#xD;&#xA;Parent.DoCommand.visible=(bCheck ? false : true)&#xD;&#xA;sMacro=(bCheck ? &apos; &apos; : sMacro)&#xD;&#xA;OnHide=(&apos;Parent.Parent.Slots.&apos; ## Name ## &apos;.Name=sNewName&apos;)&#xD;&#xA;Visible=false" Visible="false" />
        <Page cmd="Ability Name Here" defCmd="Ability Name Here" Name="11" OnDisable="OnEnable=(&apos;&quot;Parent.Parent.Slots.&apos; ## sNewName ## &apos;.Name&quot;=&apos; ## Name)&#xD;&#xA;Enabled=true&#xD;&#xA;Visible=true" OnShow="bCheck=(cmd == defCmd)&#xD;&#xA;sNewName=(bCheck ? Name : cmd)&#xD;&#xA;Parent.DoCommand.onpress=(&apos;Parent.&apos; ## Name ## &apos;.sMacro=Parent.Parent.Parent.Parent.Custom.DrumsUI_CM_Settings.POI.DrumsUI_&apos; ## Parent.Parent.PlayerName.Text ## &apos;.&apos; ## Name ## &apos;_Macro.PoiDescription&apos;)&#xD;&#xA;Parent.DoCommand.visible=(bCheck ? false : true)&#xD;&#xA;Parent.DoCommand.onpress=(&apos;Parent.Parent.Slots.&apos; ## Name ## &apos;.sMacro=Parent.&apos; ## Name ## &apos;.sMacro&apos;)&#xD;&#xA;Parent.DoCommand.visible=(bCheck ? false : true)&#xD;&#xA;sMacro=(bCheck ? &apos; &apos; : sMacro)&#xD;&#xA;OnHide=(&apos;Parent.Parent.Slots.&apos; ## Name ## &apos;.Name=sNewName&apos;)&#xD;&#xA;Visible=false" Visible="false" />
        <Page cmd="Ability Name Here" defCmd="Ability Name Here" Name="12" OnDisable="OnEnable=(&apos;&quot;Parent.Parent.Slots.&apos; ## sNewName ## &apos;.Name&quot;=&apos; ## Name)&#xD;&#xA;Enabled=true&#xD;&#xA;Visible=true" OnShow="bCheck=(cmd == defCmd)&#xD;&#xA;sNewName=(bCheck ? Name : cmd)&#xD;&#xA;Parent.DoCommand.onpress=(&apos;Parent.&apos; ## Name ## &apos;.sMacro=Parent.Parent.Parent.Parent.Custom.DrumsUI_CM_Settings.POI.DrumsUI_&apos; ## Parent.Parent.PlayerName.Text ## &apos;.&apos; ## Name ## &apos;_Macro.PoiDescription&apos;)&#xD;&#xA;Parent.DoCommand.visible=(bCheck ? false : true)&#xD;&#xA;Parent.DoCommand.onpress=(&apos;Parent.Parent.Slots.&apos; ## Name ## &apos;.sMacro=Parent.&apos; ## Name ## &apos;.sMacro&apos;)&#xD;&#xA;Parent.DoCommand.visible=(bCheck ? false : true)&#xD;&#xA;sMacro=(bCheck ? &apos; &apos; : sMacro)&#xD;&#xA;OnHide=(&apos;Parent.Parent.Slots.&apos; ## Name ## &apos;.Name=sNewName&apos;)&#xD;&#xA;Visible=false" Visible="false" />
        <Page cmd="Ability Name Here" defCmd="Ability Name Here" Name="13" OnDisable="OnEnable=(&apos;&quot;Parent.Parent.Slots.&apos; ## sNewName ## &apos;.Name&quot;=&apos; ## Name)&#xD;&#xA;Enabled=true&#xD;&#xA;Visible=true" OnShow="bCheck=(cmd == defCmd)&#xD;&#xA;sNewName=(bCheck ? Name : cmd)&#xD;&#xA;Parent.DoCommand.onpress=(&apos;Parent.&apos; ## Name ## &apos;.sMacro=Parent.Parent.Parent.Parent.Custom.DrumsUI_CM_Settings.POI.DrumsUI_&apos; ## Parent.Parent.PlayerName.Text ## &apos;.&apos; ## Name ## &apos;_Macro.PoiDescription&apos;)&#xD;&#xA;Parent.DoCommand.visible=(bCheck ? false : true)&#xD;&#xA;Parent.DoCommand.onpress=(&apos;Parent.Parent.Slots.&apos; ## Name ## &apos;.sMacro=Parent.&apos; ## Name ## &apos;.sMacro&apos;)&#xD;&#xA;Parent.DoCommand.visible=(bCheck ? false : true)&#xD;&#xA;sMacro=(bCheck ? &apos; &apos; : sMacro)&#xD;&#xA;OnHide=(&apos;Parent.Parent.Slots.&apos; ## Name ## &apos;.Name=sNewName&apos;)&#xD;&#xA;Visible=false" Visible="false" />
        <Page cmd="Ability Name Here" defCmd="Ability Name Here" Name="14" OnDisable="OnEnable=(&apos;&quot;Parent.Parent.Slots.&apos; ## sNewName ## &apos;.Name&quot;=&apos; ## Name)&#xD;&#xA;Enabled=true&#xD;&#xA;Visible=true" OnShow="bCheck=(cmd == defCmd)&#xD;&#xA;sNewName=(bCheck ? Name : cmd)&#xD;&#xA;Parent.DoCommand.onpress=(&apos;Parent.&apos; ## Name ## &apos;.sMacro=Parent.Parent.Parent.Parent.Custom.DrumsUI_CM_Settings.POI.DrumsUI_&apos; ## Parent.Parent.PlayerName.Text ## &apos;.&apos; ## Name ## &apos;_Macro.PoiDescription&apos;)&#xD;&#xA;Parent.DoCommand.visible=(bCheck ? false : true)&#xD;&#xA;Parent.DoCommand.onpress=(&apos;Parent.Parent.Slots.&apos; ## Name ## &apos;.sMacro=Parent.&apos; ## Name ## &apos;.sMacro&apos;)&#xD;&#xA;Parent.DoCommand.visible=(bCheck ? false : true)&#xD;&#xA;sMacro=(bCheck ? &apos; &apos; : sMacro)&#xD;&#xA;OnHide=(&apos;Parent.Parent.Slots.&apos; ## Name ## &apos;.Name=sNewName&apos;)&#xD;&#xA;Visible=false" Visible="false" />
        <Page cmd="Ability Name Here" defCmd="Ability Name Here" Name="15" OnDisable="OnEnable=(&apos;&quot;Parent.Parent.Slots.&apos; ## sNewName ## &apos;.Name&quot;=&apos; ## Name)&#xD;&#xA;Enabled=true&#xD;&#xA;Visible=true" OnShow="bCheck=(cmd == defCmd)&#xD;&#xA;sNewName=(bCheck ? Name : cmd)&#xD;&#xA;Parent.DoCommand.onpress=(&apos;Parent.&apos; ## Name ## &apos;.sMacro=Parent.Parent.Parent.Parent.Custom.DrumsUI_CM_Settings.POI.DrumsUI_&apos; ## Parent.Parent.PlayerName.Text ## &apos;.&apos; ## Name ## &apos;_Macro.PoiDescription&apos;)&#xD;&#xA;Parent.DoCommand.visible=(bCheck ? false : true)&#xD;&#xA;Parent.DoCommand.onpress=(&apos;Parent.Parent.Slots.&apos; ## Name ## &apos;.sMacro=Parent.&apos; ## Name ## &apos;.sMacro&apos;)&#xD;&#xA;Parent.DoCommand.visible=(bCheck ? false : true)&#xD;&#xA;sMacro=(bCheck ? &apos; &apos; : sMacro)&#xD;&#xA;OnHide=(&apos;Parent.Parent.Slots.&apos; ## Name ## &apos;.Name=sNewName&apos;)&#xD;&#xA;Visible=false" Visible="false" />
        <Page cmd="Ability Name Here" defCmd="Ability Name Here" Name="16" OnDisable="OnEnable=(&apos;&quot;Parent.Parent.Slots.&apos; ## sNewName ## &apos;.Name&quot;=&apos; ## Name)&#xD;&#xA;Enabled=true&#xD;&#xA;Visible=true" OnShow="bCheck=(cmd == defCmd)&#xD;&#xA;sNewName=(bCheck ? Name : cmd)&#xD;&#xA;Parent.DoCommand.onpress=(&apos;Parent.&apos; ## Name ## &apos;.sMacro=Parent.Parent.Parent.Parent.Custom.DrumsUI_CM_Settings.POI.DrumsUI_&apos; ## Parent.Parent.PlayerName.Text ## &apos;.&apos; ## Name ## &apos;_Macro.PoiDescription&apos;)&#xD;&#xA;Parent.DoCommand.visible=(bCheck ? false : true)&#xD;&#xA;Parent.DoCommand.onpress=(&apos;Parent.Parent.Slots.&apos; ## Name ## &apos;.sMacro=Parent.&apos; ## Name ## &apos;.sMacro&apos;)&#xD;&#xA;Parent.DoCommand.visible=(bCheck ? false : true)&#xD;&#xA;sMacro=(bCheck ? &apos; &apos; : sMacro)&#xD;&#xA;OnHide=(&apos;Parent.Parent.Slots.&apos; ## Name ## &apos;.Name=sNewName&apos;)&#xD;&#xA;Visible=false" Visible="false" />
        <Page cmd="Ability Name Here" defCmd="Ability Name Here" Name="17" OnDisable="OnEnable=(&apos;&quot;Parent.Parent.Slots.&apos; ## sNewName ## &apos;.Name&quot;=&apos; ## Name)&#xD;&#xA;Enabled=true&#xD;&#xA;Visible=true" OnShow="bCheck=(cmd == defCmd)&#xD;&#xA;sNewName=(bCheck ? Name : cmd)&#xD;&#xA;Parent.DoCommand.onpress=(&apos;Parent.&apos; ## Name ## &apos;.sMacro=Parent.Parent.Parent.Parent.Custom.DrumsUI_CM_Settings.POI.DrumsUI_&apos; ## Parent.Parent.PlayerName.Text ## &apos;.&apos; ## Name ## &apos;_Macro.PoiDescription&apos;)&#xD;&#xA;Parent.DoCommand.visible=(bCheck ? false : true)&#xD;&#xA;Parent.DoCommand.onpress=(&apos;Parent.Parent.Slots.&apos; ## Name ## &apos;.sMacro=Parent.&apos; ## Name ## &apos;.sMacro&apos;)&#xD;&#xA;Parent.DoCommand.visible=(bCheck ? false : true)&#xD;&#xA;sMacro=(bCheck ? &apos; &apos; : sMacro)&#xD;&#xA;OnHide=(&apos;Parent.Parent.Slots.&apos; ## Name ## &apos;.Name=sNewName&apos;)&#xD;&#xA;Visible=false" Visible="false" />
        <Page cmd="Ability Name Here" defCmd="Ability Name Here" Name="18" OnDisable="OnEnable=(&apos;&quot;Parent.Parent.Slots.&apos; ## sNewName ## &apos;.Name&quot;=&apos; ## Name)&#xD;&#xA;Enabled=true&#xD;&#xA;Visible=true" OnShow="bCheck=(cmd == defCmd)&#xD;&#xA;sNewName=(bCheck ? Name : cmd)&#xD;&#xA;Parent.DoCommand.onpress=(&apos;Parent.&apos; ## Name ## &apos;.sMacro=Parent.Parent.Parent.Parent.Custom.DrumsUI_CM_Settings.POI.DrumsUI_&apos; ## Parent.Parent.PlayerName.Text ## &apos;.&apos; ## Name ## &apos;_Macro.PoiDescription&apos;)&#xD;&#xA;Parent.DoCommand.visible=(bCheck ? false : true)&#xD;&#xA;Parent.DoCommand.onpress=(&apos;Parent.Parent.Slots.&apos; ## Name ## &apos;.sMacro=Parent.&apos; ## Name ## &apos;.sMacro&apos;)&#xD;&#xA;Parent.DoCommand.visible=(bCheck ? false : true)&#xD;&#xA;sMacro=(bCheck ? &apos; &apos; : sMacro)&#xD;&#xA;OnHide=(&apos;Parent.Parent.Slots.&apos; ## Name ## &apos;.Name=sNewName&apos;)&#xD;&#xA;Visible=false" Visible="false" />
        <Page cmd="Ability Name Here" defCmd="Ability Name Here" Name="19" OnDisable="OnEnable=(&apos;&quot;Parent.Parent.Slots.&apos; ## sNewName ## &apos;.Name&quot;=&apos; ## Name)&#xD;&#xA;Enabled=true&#xD;&#xA;Visible=true" OnShow="bCheck=(cmd == defCmd)&#xD;&#xA;sNewName=(bCheck ? Name : cmd)&#xD;&#xA;Parent.DoCommand.onpress=(&apos;Parent.&apos; ## Name ## &apos;.sMacro=Parent.Parent.Parent.Parent.Custom.DrumsUI_CM_Settings.POI.DrumsUI_&apos; ## Parent.Parent.PlayerName.Text ## &apos;.&apos; ## Name ## &apos;_Macro.PoiDescription&apos;)&#xD;&#xA;Parent.DoCommand.visible=(bCheck ? false : true)&#xD;&#xA;Parent.DoCommand.onpress=(&apos;Parent.Parent.Slots.&apos; ## Name ## &apos;.sMacro=Parent.&apos; ## Name ## &apos;.sMacro&apos;)&#xD;&#xA;Parent.DoCommand.visible=(bCheck ? false : true)&#xD;&#xA;sMacro=(bCheck ? &apos; &apos; : sMacro)&#xD;&#xA;OnHide=(&apos;Parent.Parent.Slots.&apos; ## Name ## &apos;.Name=sNewName&apos;)&#xD;&#xA;Visible=false" Visible="false" />
        <Page cmd="Ability Name Here" defCmd="Ability Name Here" Name="20" OnDisable="OnEnable=(&apos;&quot;Parent.Parent.Slots.&apos; ## sNewName ## &apos;.Name&quot;=&apos; ## Name)&#xD;&#xA;Enabled=true&#xD;&#xA;Visible=true" OnShow="bCheck=(cmd == defCmd)&#xD;&#xA;sNewName=(bCheck ? Name : cmd)&#xD;&#xA;Parent.DoCommand.onpress=(&apos;Parent.&apos; ## Name ## &apos;.sMacro=Parent.Parent.Parent.Parent.Custom.DrumsUI_CM_Settings.POI.DrumsUI_&apos; ## Parent.Parent.PlayerName.Text ## &apos;.&apos; ## Name ## &apos;_Macro.PoiDescription&apos;)&#xD;&#xA;Parent.DoCommand.visible=(bCheck ? false : true)&#xD;&#xA;Parent.DoCommand.onpress=(&apos;Parent.Parent.Slots.&apos; ## Name ## &apos;.sMacro=Parent.&apos; ## Name ## &apos;.sMacro&apos;)&#xD;&#xA;Parent.DoCommand.visible=(bCheck ? false : true)&#xD;&#xA;sMacro=(bCheck ? &apos; &apos; : sMacro)&#xD;&#xA;OnHide=(&apos;Parent.Parent.Slots.&apos; ## Name ## &apos;.Name=sNewName&apos;)&#xD;&#xA;Visible=false" Visible="false" />
        <Page cmd="Ability Name Here" defCmd="Ability Name Here" Name="21" OnDisable="OnEnable=(&apos;&quot;Parent.Parent.Slots.&apos; ## sNewName ## &apos;.Name&quot;=&apos; ## Name)&#xD;&#xA;Enabled=true&#xD;&#xA;Visible=true" OnShow="bCheck=(cmd == defCmd)&#xD;&#xA;sNewName=(bCheck ? Name : cmd)&#xD;&#xA;Parent.DoCommand.onpress=(&apos;Parent.&apos; ## Name ## &apos;.sMacro=Parent.Parent.Parent.Parent.Custom.DrumsUI_CM_Settings.POI.DrumsUI_&apos; ## Parent.Parent.PlayerName.Text ## &apos;.&apos; ## Name ## &apos;_Macro.PoiDescription&apos;)&#xD;&#xA;Parent.DoCommand.visible=(bCheck ? false : true)&#xD;&#xA;Parent.DoCommand.onpress=(&apos;Parent.Parent.Slots.&apos; ## Name ## &apos;.sMacro=Parent.&apos; ## Name ## &apos;.sMacro&apos;)&#xD;&#xA;Parent.DoCommand.visible=(bCheck ? false : true)&#xD;&#xA;sMacro=(bCheck ? &apos; &apos; : sMacro)&#xD;&#xA;OnHide=(&apos;Parent.Parent.Slots.&apos; ## Name ## &apos;.Name=sNewName&apos;)&#xD;&#xA;Visible=false" Visible="false" />
        <Page cmd="Ability Name Here" defCmd="Ability Name Here" Name="22" OnDisable="OnEnable=(&apos;&quot;Parent.Parent.Slots.&apos; ## sNewName ## &apos;.Name&quot;=&apos; ## Name)&#xD;&#xA;Enabled=true&#xD;&#xA;Visible=true" OnShow="bCheck=(cmd == defCmd)&#xD;&#xA;sNewName=(bCheck ? Name : cmd)&#xD;&#xA;Parent.DoCommand.onpress=(&apos;Parent.&apos; ## Name ## &apos;.sMacro=Parent.Parent.Parent.Parent.Custom.DrumsUI_CM_Settings.POI.DrumsUI_&apos; ## Parent.Parent.PlayerName.Text ## &apos;.&apos; ## Name ## &apos;_Macro.PoiDescription&apos;)&#xD;&#xA;Parent.DoCommand.visible=(bCheck ? false : true)&#xD;&#xA;Parent.DoCommand.onpress=(&apos;Parent.Parent.Slots.&apos; ## Name ## &apos;.sMacro=Parent.&apos; ## Name ## &apos;.sMacro&apos;)&#xD;&#xA;Parent.DoCommand.visible=(bCheck ? false : true)&#xD;&#xA;sMacro=(bCheck ? &apos; &apos; : sMacro)&#xD;&#xA;OnHide=(&apos;Parent.Parent.Slots.&apos; ## Name ## &apos;.Name=sNewName&apos;)&#xD;&#xA;Visible=false" Visible="false" />
        <Page cmd="Ability Name Here" defCmd="Ability Name Here" Name="23" OnDisable="OnEnable=(&apos;&quot;Parent.Parent.Slots.&apos; ## sNewName ## &apos;.Name&quot;=&apos; ## Name)&#xD;&#xA;Enabled=true&#xD;&#xA;Visible=true" OnShow="bCheck=(cmd == defCmd)&#xD;&#xA;sNewName=(bCheck ? Name : cmd)&#xD;&#xA;Parent.DoCommand.onpress=(&apos;Parent.&apos; ## Name ## &apos;.sMacro=Parent.Parent.Parent.Parent.Custom.DrumsUI_CM_Settings.POI.DrumsUI_&apos; ## Parent.Parent.PlayerName.Text ## &apos;.&apos; ## Name ## &apos;_Macro.PoiDescription&apos;)&#xD;&#xA;Parent.DoCommand.visible=(bCheck ? false : true)&#xD;&#xA;Parent.DoCommand.onpress=(&apos;Parent.Parent.Slots.&apos; ## Name ## &apos;.sMacro=Parent.&apos; ## Name ## &apos;.sMacro&apos;)&#xD;&#xA;Parent.DoCommand.visible=(bCheck ? false : true)&#xD;&#xA;sMacro=(bCheck ? &apos; &apos; : sMacro)&#xD;&#xA;OnHide=(&apos;Parent.Parent.Slots.&apos; ## Name ## &apos;.Name=sNewName&apos;)&#xD;&#xA;Visible=false" Visible="false" />
        <Page cmd="Ability Name Here" defCmd="Ability Name Here" Name="24" OnDisable="OnEnable=(&apos;&quot;Parent.Parent.Slots.&apos; ## sNewName ## &apos;.Name&quot;=&apos; ## Name)&#xD;&#xA;Enabled=true&#xD;&#xA;Visible=true" OnShow="bCheck=(cmd == defCmd)&#xD;&#xA;sNewName=(bCheck ? Name : cmd)&#xD;&#xA;Parent.DoCommand.onpress=(&apos;Parent.&apos; ## Name ## &apos;.sMacro=Parent.Parent.Parent.Parent.Custom.DrumsUI_CM_Settings.POI.DrumsUI_&apos; ## Parent.Parent.PlayerName.Text ## &apos;.&apos; ## Name ## &apos;_Macro.PoiDescription&apos;)&#xD;&#xA;Parent.DoCommand.visible=(bCheck ? false : true)&#xD;&#xA;Parent.DoCommand.onpress=(&apos;Parent.Parent.Slots.&apos; ## Name ## &apos;.sMacro=Parent.&apos; ## Name ## &apos;.sMacro&apos;)&#xD;&#xA;Parent.DoCommand.visible=(bCheck ? false : true)&#xD;&#xA;sMacro=(bCheck ? &apos; &apos; : sMacro)&#xD;&#xA;OnHide=(&apos;Parent.Parent.Slots.&apos; ## Name ## &apos;.Name=sNewName&apos;)&#xD;&#xA;Visible=false" Visible="false" />
        <Page cmd="Ability Name Here" defCmd="Ability Name Here" Name="25" OnDisable="OnEnable=(&apos;&quot;Parent.Parent.Slots.&apos; ## sNewName ## &apos;.Name&quot;=&apos; ## Name)&#xD;&#xA;Enabled=true&#xD;&#xA;Visible=true" OnShow="bCheck=(cmd == defCmd)&#xD;&#xA;sNewName=(bCheck ? Name : cmd)&#xD;&#xA;Parent.DoCommand.onpress=(&apos;Parent.&apos; ## Name ## &apos;.sMacro=Parent.Parent.Parent.Parent.Custom.DrumsUI_CM_Settings.POI.DrumsUI_&apos; ## Parent.Parent.PlayerName.Text ## &apos;.&apos; ## Name ## &apos;_Macro.PoiDescription&apos;)&#xD;&#xA;Parent.DoCommand.visible=(bCheck ? false : true)&#xD;&#xA;Parent.DoCommand.onpress=(&apos;Parent.Parent.Slots.&apos; ## Name ## &apos;.sMacro=Parent.&apos; ## Name ## &apos;.sMacro&apos;)&#xD;&#xA;Parent.DoCommand.visible=(bCheck ? false : true)&#xD;&#xA;sMacro=(bCheck ? &apos; &apos; : sMacro)&#xD;&#xA;OnHide=(&apos;Parent.Parent.Slots.&apos; ## Name ## &apos;.Name=sNewName&apos;)&#xD;&#xA;Visible=false" Visible="false" />
        <Page cmd="Ability Name Here" defCmd="Ability Name Here" Name="26" OnDisable="OnEnable=(&apos;&quot;Parent.Parent.Slots.&apos; ## sNewName ## &apos;.Name&quot;=&apos; ## Name)&#xD;&#xA;Enabled=true&#xD;&#xA;Visible=true" OnShow="bCheck=(cmd == defCmd)&#xD;&#xA;sNewName=(bCheck ? Name : cmd)&#xD;&#xA;Parent.DoCommand.onpress=(&apos;Parent.&apos; ## Name ## &apos;.sMacro=Parent.Parent.Parent.Parent.Custom.DrumsUI_CM_Settings.POI.DrumsUI_&apos; ## Parent.Parent.PlayerName.Text ## &apos;.&apos; ## Name ## &apos;_Macro.PoiDescription&apos;)&#xD;&#xA;Parent.DoCommand.visible=(bCheck ? false : true)&#xD;&#xA;Parent.DoCommand.onpress=(&apos;Parent.Parent.Slots.&apos; ## Name ## &apos;.sMacro=Parent.&apos; ## Name ## &apos;.sMacro&apos;)&#xD;&#xA;Parent.DoCommand.visible=(bCheck ? false : true)&#xD;&#xA;sMacro=(bCheck ? &apos; &apos; : sMacro)&#xD;&#xA;OnHide=(&apos;Parent.Parent.Slots.&apos; ## Name ## &apos;.Name=sNewName&apos;)&#xD;&#xA;Visible=false" Visible="false" />
        <Page cmd="Ability Name Here" defCmd="Ability Name Here" Name="27" OnDisable="OnEnable=(&apos;&quot;Parent.Parent.Slots.&apos; ## sNewName ## &apos;.Name&quot;=&apos; ## Name)&#xD;&#xA;Enabled=true&#xD;&#xA;Visible=true" OnShow="bCheck=(cmd == defCmd)&#xD;&#xA;sNewName=(bCheck ? Name : cmd)&#xD;&#xA;Parent.DoCommand.onpress=(&apos;Parent.&apos; ## Name ## &apos;.sMacro=Parent.Parent.Parent.Parent.Custom.DrumsUI_CM_Settings.POI.DrumsUI_&apos; ## Parent.Parent.PlayerName.Text ## &apos;.&apos; ## Name ## &apos;_Macro.PoiDescription&apos;)&#xD;&#xA;Parent.DoCommand.visible=(bCheck ? false : true)&#xD;&#xA;Parent.DoCommand.onpress=(&apos;Parent.Parent.Slots.&apos; ## Name ## &apos;.sMacro=Parent.&apos; ## Name ## &apos;.sMacro&apos;)&#xD;&#xA;Parent.DoCommand.visible=(bCheck ? false : true)&#xD;&#xA;sMacro=(bCheck ? &apos; &apos; : sMacro)&#xD;&#xA;OnHide=(&apos;Parent.Parent.Slots.&apos; ## Name ## &apos;.Name=sNewName&apos;)&#xD;&#xA;Visible=false" Visible="false" />
        <Page cmd="Ability Name Here" defCmd="Ability Name Here" Name="28" OnDisable="OnEnable=(&apos;&quot;Parent.Parent.Slots.&apos; ## sNewName ## &apos;.Name&quot;=&apos; ## Name)&#xD;&#xA;Enabled=true&#xD;&#xA;Visible=true" OnShow="bCheck=(cmd == defCmd)&#xD;&#xA;sNewName=(bCheck ? Name : cmd)&#xD;&#xA;Parent.DoCommand.onpress=(&apos;Parent.&apos; ## Name ## &apos;.sMacro=Parent.Parent.Parent.Parent.Custom.DrumsUI_CM_Settings.POI.DrumsUI_&apos; ## Parent.Parent.PlayerName.Text ## &apos;.&apos; ## Name ## &apos;_Macro.PoiDescription&apos;)&#xD;&#xA;Parent.DoCommand.visible=(bCheck ? false : true)&#xD;&#xA;Parent.DoCommand.onpress=(&apos;Parent.Parent.Slots.&apos; ## Name ## &apos;.sMacro=Parent.&apos; ## Name ## &apos;.sMacro&apos;)&#xD;&#xA;Parent.DoCommand.visible=(bCheck ? false : true)&#xD;&#xA;sMacro=(bCheck ? &apos; &apos; : sMacro)&#xD;&#xA;OnHide=(&apos;Parent.Parent.Slots.&apos; ## Name ## &apos;.Name=sNewName&apos;)&#xD;&#xA;Visible=false" Visible="false" />
        <Page cmd="Ability Name Here" defCmd="Ability Name Here" Name="29" OnDisable="OnEnable=(&apos;&quot;Parent.Parent.Slots.&apos; ## sNewName ## &apos;.Name&quot;=&apos; ## Name)&#xD;&#xA;Enabled=true&#xD;&#xA;Visible=true" OnShow="bCheck=(cmd == defCmd)&#xD;&#xA;sNewName=(bCheck ? Name : cmd)&#xD;&#xA;Parent.DoCommand.onpress=(&apos;Parent.&apos; ## Name ## &apos;.sMacro=Parent.Parent.Parent.Parent.Custom.DrumsUI_CM_Settings.POI.DrumsUI_&apos; ## Parent.Parent.PlayerName.Text ## &apos;.&apos; ## Name ## &apos;_Macro.PoiDescription&apos;)&#xD;&#xA;Parent.DoCommand.visible=(bCheck ? false : true)&#xD;&#xA;Parent.DoCommand.onpress=(&apos;Parent.Parent.Slots.&apos; ## Name ## &apos;.sMacro=Parent.&apos; ## Name ## &apos;.sMacro&apos;)&#xD;&#xA;Parent.DoCommand.visible=(bCheck ? false : true)&#xD;&#xA;sMacro=(bCheck ? &apos; &apos; : sMacro)&#xD;&#xA;OnHide=(&apos;Parent.Parent.Slots.&apos; ## Name ## &apos;.Name=sNewName&apos;)&#xD;&#xA;Visible=false" Visible="false" />
        <Page cmd="Ability Name Here" defCmd="Ability Name Here" Name="30" OnDisable="OnEnable=(&apos;&quot;Parent.Parent.Slots.&apos; ## sNewName ## &apos;.Name&quot;=&apos; ## Name)&#xD;&#xA;Enabled=true&#xD;&#xA;Visible=true" OnShow="bCheck=(cmd == defCmd)&#xD;&#xA;sNewName=(bCheck ? Name : cmd)&#xD;&#xA;Parent.DoCommand.onpress=(&apos;Parent.&apos; ## Name ## &apos;.sMacro=Parent.Parent.Parent.Parent.Custom.DrumsUI_CM_Settings.POI.DrumsUI_&apos; ## Parent.Parent.PlayerName.Text ## &apos;.&apos; ## Name ## &apos;_Macro.PoiDescription&apos;)&#xD;&#xA;Parent.DoCommand.visible=(bCheck ? false : true)&#xD;&#xA;Parent.DoCommand.onpress=(&apos;Parent.Parent.Slots.&apos; ## Name ## &apos;.sMacro=Parent.&apos; ## Name ## &apos;.sMacro&apos;)&#xD;&#xA;Parent.DoCommand.visible=(bCheck ? false : true)&#xD;&#xA;sMacro=(bCheck ? &apos; &apos; : sMacro)&#xD;&#xA;OnHide=(&apos;Parent.Parent.Slots.&apos; ## Name ## &apos;.Name=sNewName&apos;)&#xD;&#xA;Visible=false" Visible="false" />
        <Page cmd="Ability Name Here" defCmd="Ability Name Here" Name="31" OnDisable="OnEnable=(&apos;&quot;Parent.Parent.Slots.&apos; ## sNewName ## &apos;.Name&quot;=&apos; ## Name)&#xD;&#xA;Enabled=true&#xD;&#xA;Visible=true" OnShow="bCheck=(cmd == defCmd)&#xD;&#xA;sNewName=(bCheck ? Name : cmd)&#xD;&#xA;Parent.DoCommand.onpress=(&apos;Parent.&apos; ## Name ## &apos;.sMacro=Parent.Parent.Parent.Parent.Custom.DrumsUI_CM_Settings.POI.DrumsUI_&apos; ## Parent.Parent.PlayerName.Text ## &apos;.&apos; ## Name ## &apos;_Macro.PoiDescription&apos;)&#xD;&#xA;Parent.DoCommand.visible=(bCheck ? false : true)&#xD;&#xA;Parent.DoCommand.onpress=(&apos;Parent.Parent.Slots.&apos; ## Name ## &apos;.sMacro=Parent.&apos; ## Name ## &apos;.sMacro&apos;)&#xD;&#xA;Parent.DoCommand.visible=(bCheck ? false : true)&#xD;&#xA;sMacro=(bCheck ? &apos; &apos; : sMacro)&#xD;&#xA;OnHide=(&apos;Parent.Parent.Slots.&apos; ## Name ## &apos;.Name=sNewName&apos;)&#xD;&#xA;Visible=false" Visible="false" />
        <Page cmd="Ability Name Here" defCmd="Ability Name Here" Name="32" OnDisable="OnEnable=(&apos;&quot;Parent.Parent.Slots.&apos; ## sNewName ## &apos;.Name&quot;=&apos; ## Name)&#xD;&#xA;Enabled=true&#xD;&#xA;Visible=true" OnShow="bCheck=(cmd == defCmd)&#xD;&#xA;sNewName=(bCheck ? Name : cmd)&#xD;&#xA;Parent.DoCommand.onpress=(&apos;Parent.&apos; ## Name ## &apos;.sMacro=Parent.Parent.Parent.Parent.Custom.DrumsUI_CM_Settings.POI.DrumsUI_&apos; ## Parent.Parent.PlayerName.Text ## &apos;.&apos; ## Name ## &apos;_Macro.PoiDescription&apos;)&#xD;&#xA;Parent.DoCommand.visible=(bCheck ? false : true)&#xD;&#xA;Parent.DoCommand.onpress=(&apos;Parent.Parent.Slots.&apos; ## Name ## &apos;.sMacro=Parent.&apos; ## Name ## &apos;.sMacro&apos;)&#xD;&#xA;Parent.DoCommand.visible=(bCheck ? false : true)&#xD;&#xA;sMacro=(bCheck ? &apos; &apos; : sMacro)&#xD;&#xA;OnHide=(&apos;Parent.Parent.Slots.&apos; ## Name ## &apos;.Name=sNewName&apos;)&#xD;&#xA;Visible=false" Visible="false" />
        <Page cmd="Ability Name Here" defCmd="Ability Name Here" Name="33" OnDisable="OnEnable=(&apos;&quot;Parent.Parent.Slots.&apos; ## sNewName ## &apos;.Name&quot;=&apos; ## Name)&#xD;&#xA;Enabled=true&#xD;&#xA;Visible=true" OnShow="bCheck=(cmd == defCmd)&#xD;&#xA;sNewName=(bCheck ? Name : cmd)&#xD;&#xA;Parent.DoCommand.onpress=(&apos;Parent.&apos; ## Name ## &apos;.sMacro=Parent.Parent.Parent.Parent.Custom.DrumsUI_CM_Settings.POI.DrumsUI_&apos; ## Parent.Parent.PlayerName.Text ## &apos;.&apos; ## Name ## &apos;_Macro.PoiDescription&apos;)&#xD;&#xA;Parent.DoCommand.visible=(bCheck ? false : true)&#xD;&#xA;Parent.DoCommand.onpress=(&apos;Parent.Parent.Slots.&apos; ## Name ## &apos;.sMacro=Parent.&apos; ## Name ## &apos;.sMacro&apos;)&#xD;&#xA;Parent.DoCommand.visible=(bCheck ? false : true)&#xD;&#xA;sMacro=(bCheck ? &apos; &apos; : sMacro)&#xD;&#xA;OnHide=(&apos;Parent.Parent.Slots.&apos; ## Name ## &apos;.Name=sNewName&apos;)&#xD;&#xA;Visible=false" Visible="false" />
        <Page cmd="Ability Name Here" defCmd="Ability Name Here" Name="34" OnDisable="OnEnable=(&apos;&quot;Parent.Parent.Slots.&apos; ## sNewName ## &apos;.Name&quot;=&apos; ## Name)&#xD;&#xA;Enabled=true&#xD;&#xA;Visible=true" OnShow="bCheck=(cmd == defCmd)&#xD;&#xA;sNewName=(bCheck ? Name : cmd)&#xD;&#xA;Parent.DoCommand.onpress=(&apos;Parent.&apos; ## Name ## &apos;.sMacro=Parent.Parent.Parent.Parent.Custom.DrumsUI_CM_Settings.POI.DrumsUI_&apos; ## Parent.Parent.PlayerName.Text ## &apos;.&apos; ## Name ## &apos;_Macro.PoiDescription&apos;)&#xD;&#xA;Parent.DoCommand.visible=(bCheck ? false : true)&#xD;&#xA;Parent.DoCommand.onpress=(&apos;Parent.Parent.Slots.&apos; ## Name ## &apos;.sMacro=Parent.&apos; ## Name ## &apos;.sMacro&apos;)&#xD;&#xA;Parent.DoCommand.visible=(bCheck ? false : true)&#xD;&#xA;sMacro=(bCheck ? &apos; &apos; : sMacro)&#xD;&#xA;OnHide=(&apos;Parent.Parent.Slots.&apos; ## Name ## &apos;.Name=sNewName&apos;)&#xD;&#xA;Visible=false" Visible="false" />
        <Page cmd="Ability Name Here" defCmd="Ability Name Here" Name="35" OnDisable="OnEnable=(&apos;&quot;Parent.Parent.Slots.&apos; ## sNewName ## &apos;.Name&quot;=&apos; ## Name)&#xD;&#xA;Enabled=true&#xD;&#xA;Visible=true" OnShow="bCheck=(cmd == defCmd)&#xD;&#xA;sNewName=(bCheck ? Name : cmd)&#xD;&#xA;Parent.DoCommand.onpress=(&apos;Parent.&apos; ## Name ## &apos;.sMacro=Parent.Parent.Parent.Parent.Custom.DrumsUI_CM_Settings.POI.DrumsUI_&apos; ## Parent.Parent.PlayerName.Text ## &apos;.&apos; ## Name ## &apos;_Macro.PoiDescription&apos;)&#xD;&#xA;Parent.DoCommand.visible=(bCheck ? false : true)&#xD;&#xA;Parent.DoCommand.onpress=(&apos;Parent.Parent.Slots.&apos; ## Name ## &apos;.sMacro=Parent.&apos; ## Name ## &apos;.sMacro&apos;)&#xD;&#xA;Parent.DoCommand.visible=(bCheck ? false : true)&#xD;&#xA;sMacro=(bCheck ? &apos; &apos; : sMacro)&#xD;&#xA;OnHide=(&apos;Parent.Parent.Slots.&apos; ## Name ## &apos;.Name=sNewName&apos;)&#xD;&#xA;Visible=false" Visible="false" />
        <Page cmd="Ability Name Here" defCmd="Ability Name Here" Name="36" OnDisable="OnEnable=(&apos;&quot;Parent.Parent.Slots.&apos; ## sNewName ## &apos;.Name&quot;=&apos; ## Name)&#xD;&#xA;Enabled=true&#xD;&#xA;Visible=true" OnShow="bCheck=(cmd == defCmd)&#xD;&#xA;sNewName=(bCheck ? Name : cmd)&#xD;&#xA;Parent.DoCommand.onpress=(&apos;Parent.&apos; ## Name ## &apos;.sMacro=Parent.Parent.Parent.Parent.Custom.DrumsUI_CM_Settings.POI.DrumsUI_&apos; ## Parent.Parent.PlayerName.Text ## &apos;.&apos; ## Name ## &apos;_Macro.PoiDescription&apos;)&#xD;&#xA;Parent.DoCommand.visible=(bCheck ? false : true)&#xD;&#xA;Parent.DoCommand.onpress=(&apos;Parent.Parent.Slots.&apos; ## Name ## &apos;.sMacro=Parent.&apos; ## Name ## &apos;.sMacro&apos;)&#xD;&#xA;Parent.DoCommand.visible=(bCheck ? false : true)&#xD;&#xA;sMacro=(bCheck ? &apos; &apos; : sMacro)&#xD;&#xA;OnHide=(&apos;Parent.Parent.Slots.&apos; ## Name ## &apos;.Name=sNewName&apos;)&#xD;&#xA;Visible=false" Visible="false" />
        <Page cmd="Ability Name Here" defCmd="Ability Name Here" Name="37" OnDisable="OnEnable=(&apos;&quot;Parent.Parent.Slots.&apos; ## sNewName ## &apos;.Name&quot;=&apos; ## Name)&#xD;&#xA;Enabled=true&#xD;&#xA;Visible=true" OnShow="bCheck=(cmd == defCmd)&#xD;&#xA;sNewName=(bCheck ? Name : cmd)&#xD;&#xA;Parent.DoCommand.onpress=(&apos;Parent.&apos; ## Name ## &apos;.sMacro=Parent.Parent.Parent.Parent.Custom.DrumsUI_CM_Settings.POI.DrumsUI_&apos; ## Parent.Parent.PlayerName.Text ## &apos;.&apos; ## Name ## &apos;_Macro.PoiDescription&apos;)&#xD;&#xA;Parent.DoCommand.visible=(bCheck ? false : true)&#xD;&#xA;Parent.DoCommand.onpress=(&apos;Parent.Parent.Slots.&apos; ## Name ## &apos;.sMacro=Parent.&apos; ## Name ## &apos;.sMacro&apos;)&#xD;&#xA;Parent.DoCommand.visible=(bCheck ? false : true)&#xD;&#xA;sMacro=(bCheck ? &apos; &apos; : sMacro)&#xD;&#xA;OnHide=(&apos;Parent.Parent.Slots.&apos; ## Name ## &apos;.Name=sNewName&apos;)&#xD;&#xA;Visible=false" Visible="false" />
        <Page cmd="Ability Name Here" defCmd="Ability Name Here" Name="38" OnDisable="OnEnable=(&apos;&quot;Parent.Parent.Slots.&apos; ## sNewName ## &apos;.Name&quot;=&apos; ## Name)&#xD;&#xA;Enabled=true&#xD;&#xA;Visible=true" OnShow="bCheck=(cmd == defCmd)&#xD;&#xA;sNewName=(bCheck ? Name : cmd)&#xD;&#xA;Parent.DoCommand.onpress=(&apos;Parent.&apos; ## Name ## &apos;.sMacro=Parent.Parent.Parent.Parent.Custom.DrumsUI_CM_Settings.POI.DrumsUI_&apos; ## Parent.Parent.PlayerName.Text ## &apos;.&apos; ## Name ## &apos;_Macro.PoiDescription&apos;)&#xD;&#xA;Parent.DoCommand.visible=(bCheck ? false : true)&#xD;&#xA;Parent.DoCommand.onpress=(&apos;Parent.Parent.Slots.&apos; ## Name ## &apos;.sMacro=Parent.&apos; ## Name ## &apos;.sMacro&apos;)&#xD;&#xA;Parent.DoCommand.visible=(bCheck ? false : true)&#xD;&#xA;sMacro=(bCheck ? &apos; &apos; : sMacro)&#xD;&#xA;OnHide=(&apos;Parent.Parent.Slots.&apos; ## Name ## &apos;.Name=sNewName&apos;)&#xD;&#xA;Visible=false" Visible="false" />
        <Page cmd="Ability Name Here" defCmd="Ability Name Here" Name="39" OnDisable="OnEnable=(&apos;&quot;Parent.Parent.Slots.&apos; ## sNewName ## &apos;.Name&quot;=&apos; ## Name)&#xD;&#xA;Enabled=true&#xD;&#xA;Visible=true" OnShow="bCheck=(cmd == defCmd)&#xD;&#xA;sNewName=(bCheck ? Name : cmd)&#xD;&#xA;Parent.DoCommand.onpress=(&apos;Parent.&apos; ## Name ## &apos;.sMacro=Parent.Parent.Parent.Parent.Custom.DrumsUI_CM_Settings.POI.DrumsUI_&apos; ## Parent.Parent.PlayerName.Text ## &apos;.&apos; ## Name ## &apos;_Macro.PoiDescription&apos;)&#xD;&#xA;Parent.DoCommand.visible=(bCheck ? false : true)&#xD;&#xA;Parent.DoCommand.onpress=(&apos;Parent.Parent.Slots.&apos; ## Name ## &apos;.sMacro=Parent.&apos; ## Name ## &apos;.sMacro&apos;)&#xD;&#xA;Parent.DoCommand.visible=(bCheck ? false : true)&#xD;&#xA;sMacro=(bCheck ? &apos; &apos; : sMacro)&#xD;&#xA;OnHide=(&apos;Parent.Parent.Slots.&apos; ## Name ## &apos;.Name=sNewName&apos;)&#xD;&#xA;Visible=false" Visible="false" />
        <Page cmd="Ability Name Here" defCmd="Ability Name Here" Name="40" OnDisable="OnEnable=(&apos;&quot;Parent.Parent.Slots.&apos; ## sNewName ## &apos;.Name&quot;=&apos; ## Name)&#xD;&#xA;Enabled=true&#xD;&#xA;Visible=true" OnShow="bCheck=(cmd == defCmd)&#xD;&#xA;sNewName=(bCheck ? Name : cmd)&#xD;&#xA;Parent.DoCommand.onpress=(&apos;Parent.&apos; ## Name ## &apos;.sMacro=Parent.Parent.Parent.Parent.Custom.DrumsUI_CM_Settings.POI.DrumsUI_&apos; ## Parent.Parent.PlayerName.Text ## &apos;.&apos; ## Name ## &apos;_Macro.PoiDescription&apos;)&#xD;&#xA;Parent.DoCommand.visible=(bCheck ? false : true)&#xD;&#xA;Parent.DoCommand.onpress=(&apos;Parent.Parent.Slots.&apos; ## Name ## &apos;.sMacro=Parent.&apos; ## Name ## &apos;.sMacro&apos;)&#xD;&#xA;Parent.DoCommand.visible=(bCheck ? false : true)&#xD;&#xA;sMacro=(bCheck ? &apos; &apos; : sMacro)&#xD;&#xA;OnHide=(&apos;Parent.Parent.Slots.&apos; ## Name ## &apos;.Name=sNewName&apos;)&#xD;&#xA;Visible=false" Visible="false" />
        <Page cmd="Ability Name Here" defCmd="Ability Name Here" Name="41" OnDisable="OnEnable=(&apos;&quot;Parent.Parent.Slots.&apos; ## sNewName ## &apos;.Name&quot;=&apos; ## Name)&#xD;&#xA;Enabled=true&#xD;&#xA;Visible=true" OnShow="bCheck=(cmd == defCmd)&#xD;&#xA;sNewName=(bCheck ? Name : cmd)&#xD;&#xA;Parent.DoCommand.onpress=(&apos;Parent.&apos; ## Name ## &apos;.sMacro=Parent.Parent.Parent.Parent.Custom.DrumsUI_CM_Settings.POI.DrumsUI_&apos; ## Parent.Parent.PlayerName.Text ## &apos;.&apos; ## Name ## &apos;_Macro.PoiDescription&apos;)&#xD;&#xA;Parent.DoCommand.visible=(bCheck ? false : true)&#xD;&#xA;Parent.DoCommand.onpress=(&apos;Parent.Parent.Slots.&apos; ## Name ## &apos;.sMacro=Parent.&apos; ## Name ## &apos;.sMacro&apos;)&#xD;&#xA;Parent.DoCommand.visible=(bCheck ? false : true)&#xD;&#xA;sMacro=(bCheck ? &apos; &apos; : sMacro)&#xD;&#xA;OnHide=(&apos;Parent.Parent.Slots.&apos; ## Name ## &apos;.Name=sNewName&apos;)&#xD;&#xA;Visible=false" Visible="false" />
        <Page cmd="Ability Name Here" defCmd="Ability Name Here" Name="42" OnDisable="OnEnable=(&apos;&quot;Parent.Parent.Slots.&apos; ## sNewName ## &apos;.Name&quot;=&apos; ## Name)&#xD;&#xA;Enabled=true&#xD;&#xA;Visible=true" OnShow="bCheck=(cmd == defCmd)&#xD;&#xA;sNewName=(bCheck ? Name : cmd)&#xD;&#xA;Parent.DoCommand.onpress=(&apos;Parent.&apos; ## Name ## &apos;.sMacro=Parent.Parent.Parent.Parent.Custom.DrumsUI_CM_Settings.POI.DrumsUI_&apos; ## Parent.Parent.PlayerName.Text ## &apos;.&apos; ## Name ## &apos;_Macro.PoiDescription&apos;)&#xD;&#xA;Parent.DoCommand.visible=(bCheck ? false : true)&#xD;&#xA;Parent.DoCommand.onpress=(&apos;Parent.Parent.Slots.&apos; ## Name ## &apos;.sMacro=Parent.&apos; ## Name ## &apos;.sMacro&apos;)&#xD;&#xA;Parent.DoCommand.visible=(bCheck ? false : true)&#xD;&#xA;sMacro=(bCheck ? &apos; &apos; : sMacro)&#xD;&#xA;OnHide=(&apos;Parent.Parent.Slots.&apos; ## Name ## &apos;.Name=sNewName&apos;)&#xD;&#xA;Visible=false" Visible="false" />
        <Page cmd="Ability Name Here" defCmd="Ability Name Here" Name="43" OnDisable="OnEnable=(&apos;&quot;Parent.Parent.Slots.&apos; ## sNewName ## &apos;.Name&quot;=&apos; ## Name)&#xD;&#xA;Enabled=true&#xD;&#xA;Visible=true" OnShow="bCheck=(cmd == defCmd)&#xD;&#xA;sNewName=(bCheck ? Name : cmd)&#xD;&#xA;Parent.DoCommand.onpress=(&apos;Parent.&apos; ## Name ## &apos;.sMacro=Parent.Parent.Parent.Parent.Custom.DrumsUI_CM_Settings.POI.DrumsUI_&apos; ## Parent.Parent.PlayerName.Text ## &apos;.&apos; ## Name ## &apos;_Macro.PoiDescription&apos;)&#xD;&#xA;Parent.DoCommand.visible=(bCheck ? false : true)&#xD;&#xA;Parent.DoCommand.onpress=(&apos;Parent.Parent.Slots.&apos; ## Name ## &apos;.sMacro=Parent.&apos; ## Name ## &apos;.sMacro&apos;)&#xD;&#xA;Parent.DoCommand.visible=(bCheck ? false : true)&#xD;&#xA;sMacro=(bCheck ? &apos; &apos; : sMacro)&#xD;&#xA;OnHide=(&apos;Parent.Parent.Slots.&apos; ## Name ## &apos;.Name=sNewName&apos;)&#xD;&#xA;Visible=false" Visible="false" />
        <Page cmd="Ability Name Here" defCmd="Ability Name Here" Name="44" OnDisable="OnEnable=(&apos;&quot;Parent.Parent.Slots.&apos; ## sNewName ## &apos;.Name&quot;=&apos; ## Name)&#xD;&#xA;Enabled=true&#xD;&#xA;Visible=true" OnShow="bCheck=(cmd == defCmd)&#xD;&#xA;sNewName=(bCheck ? Name : cmd)&#xD;&#xA;Parent.DoCommand.onpress=(&apos;Parent.&apos; ## Name ## &apos;.sMacro=Parent.Parent.Parent.Parent.Custom.DrumsUI_CM_Settings.POI.DrumsUI_&apos; ## Parent.Parent.PlayerName.Text ## &apos;.&apos; ## Name ## &apos;_Macro.PoiDescription&apos;)&#xD;&#xA;Parent.DoCommand.visible=(bCheck ? false : true)&#xD;&#xA;Parent.DoCommand.onpress=(&apos;Parent.Parent.Slots.&apos; ## Name ## &apos;.sMacro=Parent.&apos; ## Name ## &apos;.sMacro&apos;)&#xD;&#xA;Parent.DoCommand.visible=(bCheck ? false : true)&#xD;&#xA;sMacro=(bCheck ? &apos; &apos; : sMacro)&#xD;&#xA;OnHide=(&apos;Parent.Parent.Slots.&apos; ## Name ## &apos;.Name=sNewName&apos;)&#xD;&#xA;Visible=false" Visible="false" />
        <Page cmd="Ability Name Here" defCmd="Ability Name Here" Name="45" OnDisable="OnEnable=(&apos;&quot;Parent.Parent.Slots.&apos; ## sNewName ## &apos;.Name&quot;=&apos; ## Name)&#xD;&#xA;Enabled=true&#xD;&#xA;Visible=true" OnShow="bCheck=(cmd == defCmd)&#xD;&#xA;sNewName=(bCheck ? Name : cmd)&#xD;&#xA;Parent.DoCommand.onpress=(&apos;Parent.&apos; ## Name ## &apos;.sMacro=Parent.Parent.Parent.Parent.Custom.DrumsUI_CM_Settings.POI.DrumsUI_&apos; ## Parent.Parent.PlayerName.Text ## &apos;.&apos; ## Name ## &apos;_Macro.PoiDescription&apos;)&#xD;&#xA;Parent.DoCommand.visible=(bCheck ? false : true)&#xD;&#xA;Parent.DoCommand.onpress=(&apos;Parent.Parent.Slots.&apos; ## Name ## &apos;.sMacro=Parent.&apos; ## Name ## &apos;.sMacro&apos;)&#xD;&#xA;Parent.DoCommand.visible=(bCheck ? false : true)&#xD;&#xA;sMacro=(bCheck ? &apos; &apos; : sMacro)&#xD;&#xA;OnHide=(&apos;Parent.Parent.Slots.&apos; ## Name ## &apos;.Name=sNewName&apos;)&#xD;&#xA;Visible=false" Visible="false" />
        <Page cmd="Ability Name Here" defCmd="Ability Name Here" Name="46" OnDisable="OnEnable=(&apos;&quot;Parent.Parent.Slots.&apos; ## sNewName ## &apos;.Name&quot;=&apos; ## Name)&#xD;&#xA;Enabled=true&#xD;&#xA;Visible=true" OnShow="bCheck=(cmd == defCmd)&#xD;&#xA;sNewName=(bCheck ? Name : cmd)&#xD;&#xA;Parent.DoCommand.onpress=(&apos;Parent.&apos; ## Name ## &apos;.sMacro=Parent.Parent.Parent.Parent.Custom.DrumsUI_CM_Settings.POI.DrumsUI_&apos; ## Parent.Parent.PlayerName.Text ## &apos;.&apos; ## Name ## &apos;_Macro.PoiDescription&apos;)&#xD;&#xA;Parent.DoCommand.visible=(bCheck ? false : true)&#xD;&#xA;Parent.DoCommand.onpress=(&apos;Parent.Parent.Slots.&apos; ## Name ## &apos;.sMacro=Parent.&apos; ## Name ## &apos;.sMacro&apos;)&#xD;&#xA;Parent.DoCommand.visible=(bCheck ? false : true)&#xD;&#xA;sMacro=(bCheck ? &apos; &apos; : sMacro)&#xD;&#xA;OnHide=(&apos;Parent.Parent.Slots.&apos; ## Name ## &apos;.Name=sNewName&apos;)&#xD;&#xA;Visible=false" Visible="false" />
        <Page cmd="Ability Name Here" defCmd="Ability Name Here" Name="47" OnDisable="OnEnable=(&apos;&quot;Parent.Parent.Slots.&apos; ## sNewName ## &apos;.Name&quot;=&apos; ## Name)&#xD;&#xA;Enabled=true&#xD;&#xA;Visible=true" OnShow="bCheck=(cmd == defCmd)&#xD;&#xA;sNewName=(bCheck ? Name : cmd)&#xD;&#xA;Parent.DoCommand.onpress=(&apos;Parent.&apos; ## Name ## &apos;.sMacro=Parent.Parent.Parent.Parent.Custom.DrumsUI_CM_Settings.POI.DrumsUI_&apos; ## Parent.Parent.PlayerName.Text ## &apos;.&apos; ## Name ## &apos;_Macro.PoiDescription&apos;)&#xD;&#xA;Parent.DoCommand.visible=(bCheck ? false : true)&#xD;&#xA;Parent.DoCommand.onpress=(&apos;Parent.Parent.Slots.&apos; ## Name ## &apos;.sMacro=Parent.&apos; ## Name ## &apos;.sMacro&apos;)&#xD;&#xA;Parent.DoCommand.visible=(bCheck ? false : true)&#xD;&#xA;sMacro=(bCheck ? &apos; &apos; : sMacro)&#xD;&#xA;OnHide=(&apos;Parent.Parent.Slots.&apos; ## Name ## &apos;.Name=sNewName&apos;)&#xD;&#xA;Visible=false" Visible="false" />
        <Page cmd="Ability Name Here" defCmd="Ability Name Here" Name="48" OnDisable="OnEnable=(&apos;&quot;Parent.Parent.Slots.&apos; ## sNewName ## &apos;.Name&quot;=&apos; ## Name)&#xD;&#xA;Enabled=true&#xD;&#xA;Visible=true" OnShow="bCheck=(cmd == defCmd)&#xD;&#xA;sNewName=(bCheck ? Name : cmd)&#xD;&#xA;Parent.DoCommand.onpress=(&apos;Parent.&apos; ## Name ## &apos;.sMacro=Parent.Parent.Parent.Parent.Custom.DrumsUI_CM_Settings.POI.DrumsUI_&apos; ## Parent.Parent.PlayerName.Text ## &apos;.&apos; ## Name ## &apos;_Macro.PoiDescription&apos;)&#xD;&#xA;Parent.DoCommand.visible=(bCheck ? false : true)&#xD;&#xA;Parent.DoCommand.onpress=(&apos;Parent.Parent.Slots.&apos; ## Name ## &apos;.sMacro=Parent.&apos; ## Name ## &apos;.sMacro&apos;)&#xD;&#xA;Parent.DoCommand.visible=(bCheck ? false : true)&#xD;&#xA;sMacro=(bCheck ? &apos; &apos; : sMacro)&#xD;&#xA;OnHide=(&apos;Parent.Parent.Slots.&apos; ## Name ## &apos;.Name=sNewName&apos;)&#xD;&#xA;Visible=false" Visible="false" />
        <Page cmd="Ability Name Here" defCmd="Ability Name Here" Name="49" OnDisable="OnEnable=(&apos;&quot;Parent.Parent.Slots.&apos; ## sNewName ## &apos;.Name&quot;=&apos; ## Name)&#xD;&#xA;Enabled=true&#xD;&#xA;Visible=true" OnShow="bCheck=(cmd == defCmd)&#xD;&#xA;sNewName=(bCheck ? Name : cmd)&#xD;&#xA;Parent.DoCommand.onpress=(&apos;Parent.&apos; ## Name ## &apos;.sMacro=Parent.Parent.Parent.Parent.Custom.DrumsUI_CM_Settings.POI.DrumsUI_&apos; ## Parent.Parent.PlayerName.Text ## &apos;.&apos; ## Name ## &apos;_Macro.PoiDescription&apos;)&#xD;&#xA;Parent.DoCommand.visible=(bCheck ? false : true)&#xD;&#xA;Parent.DoCommand.onpress=(&apos;Parent.Parent.Slots.&apos; ## Name ## &apos;.sMacro=Parent.&apos; ## Name ## &apos;.sMacro&apos;)&#xD;&#xA;Parent.DoCommand.visible=(bCheck ? false : true)&#xD;&#xA;sMacro=(bCheck ? &apos; &apos; : sMacro)&#xD;&#xA;OnHide=(&apos;Parent.Parent.Slots.&apos; ## Name ## &apos;.Name=sNewName&apos;)&#xD;&#xA;Visible=false" Visible="false" />
        <Page cmd="Ability Name Here" defCmd="Ability Name Here" Name="50" OnDisable="OnEnable=(&apos;&quot;Parent.Parent.Slots.&apos; ## sNewName ## &apos;.Name&quot;=&apos; ## Name)&#xD;&#xA;Enabled=true&#xD;&#xA;Visible=true" OnShow="bCheck=(cmd == defCmd)&#xD;&#xA;sNewName=(bCheck ? Name : cmd)&#xD;&#xA;Parent.DoCommand.onpress=(&apos;Parent.&apos; ## Name ## &apos;.sMacro=Parent.Parent.Parent.Parent.Custom.DrumsUI_CM_Settings.POI.DrumsUI_&apos; ## Parent.Parent.PlayerName.Text ## &apos;.&apos; ## Name ## &apos;_Macro.PoiDescription&apos;)&#xD;&#xA;Parent.DoCommand.visible=(bCheck ? false : true)&#xD;&#xA;Parent.DoCommand.onpress=(&apos;Parent.Parent.Slots.&apos; ## Name ## &apos;.sMacro=Parent.&apos; ## Name ## &apos;.sMacro&apos;)&#xD;&#xA;Parent.DoCommand.visible=(bCheck ? false : true)&#xD;&#xA;sMacro=(bCheck ? &apos; &apos; : sMacro)&#xD;&#xA;OnHide=(&apos;Parent.Parent.Slots.&apos; ## Name ## &apos;.Name=sNewName&apos;)&#xD;&#xA;Visible=false" Visible="false" />
    </Page>
    <Button BackgroundOpacity="0.000" Location="7,25" Name="CancelSpellcast" OnPress="cancel_spellcast&#xD;&#xA;cancel_spellcast" PressSound="ui_pressed" ScrollExtent="286,19" Size="286,19" Style="/ButtonStyles.invisible" Tooltip="Click to cancel casting" />
    <Page AbsorbsInput="false" DynamicData="/GameData.Spells.Failure" DynamicDataFilter="0001" GetsInput="false" Location="0,19" Name="CastingFailure" PackLocation="left,top" PackSize="a,f" ScrollExtent="300,31" Size="300,31" Visible="false">
        <Text AbsorbsInput="false" DynamicData="/GameData.Spells.Failure" Font="/TextStyles.OnscreenMsg.OnscreenMsgStyle" Location="0,-1" Name="Text" PackSize="absolute,absolute" ScrollExtent="300,31" ShadowStyle="/ShadowStylesNew.OutlineDrop.style" Size="300,31" TextAlignment="Center" TextAlignmentVertical="Center">:8d7f373294c57d99:[DEVL]Interrupted!</Text>
    </Page>
    <Page AbsorbsInput="false" codeToCopy="COND=(Parent.Visible == &apos;true&apos;)&#xD;&#xA;Parent.TriggerSet.visible=(COND ? true : false)" DynamicData="/GameData.Spells.Casting" DynamicDataFilter="0001" Location="4,5" Name="CastingProgress" OnShow="" PackLocation="left,top" PackSize="a,a" ScrollExtent="292,37" Size="292,37" Visible="false">
        <Button Name="DoCommand" OnPress=" " OnShow="Parent.DoCommand.press=true&#xD;&#xA;Visible=false" Visible="false" />
        <LocationEffector Name="60s" Speed="1000,0" TargetLocation="60000,0" />
        <Page Name="TrackTime" OnMove="Parent.CheckTime.visible=true" OnShow="Location=(0,0)&#xD;&#xA;Parent.CheckTime.UpdateNext=100&#xD;&#xA;Parent.TimeRemain.text=(&apos; &apos;)" OnShowEffector="60s" Visible="false" />
        <Page Name="CheckTime" OnShow="vProgress=Parent.Progress.Bar.Progress&#xD;&#xA;vDuration=Parent.TrackTime.Left&#xD;&#xA;vFormula=(1 / vProgress)&#xD;&#xA;vCastTotal=(vFormula * vDuration)&#xD;&#xA;vCastCurrent=(vCastTotal * vProgress)&#xD;&#xA;vCastRemain=(vCastTotal - vCastCurrent)&#xD;&#xA;vCastRemain=int(vCastRemain / 100)&#xD;&#xA;vCastRemain=(vCastRemain / 10)&#xD;&#xA;&#xD;&#xA;vCastRemainLeft=int(vCastRemain)&#xD;&#xA;vCastRemainRight=(vCastRemain - vCastRemainLeft)&#xD;&#xA;vCastRemainRight=int(vCastRemainRight * 10)&#xD;&#xA;&#xD;&#xA;Parent.UpdateTime.vTimeRemain=(vCastRemainLeft)##(&apos;.&apos;)##(vCastRemainRight)##(&apos;s&apos;)&#xD;&#xA;&#xD;&#xA;bDoUpdate=(vDuration &gt; UpdateNext)&#xD;&#xA;Parent.UpdateTime.visible=(bDoUpdate)&#xD;&#xA;&#xD;&#xA;Visible=false" UpdateInc="100" UpdateNext="100" Visible="false" />
        <Page Name="UpdateTime" OnShow="Parent.TimeRemain.text=(vTimeRemain)&#xD;&#xA;Parent.CheckTime.UpdateNext=(Parent.CheckTime.UpdateNext + Parent.CheckTime.UpdateInc)&#xD;&#xA;&#xD;&#xA;Visible=false" Visible="false" vTimeRemain=" " />
        <Text AbsorbsInput="false" Font="/TextStyles.Normal.NormalStyle" Location="230,20" Name="TimeRemain" PackLocation="right,top" ScrollExtent="52,18" ShadowStyle="/ShadowStylesNew.OutlineDrop.style" Size="52,18" TextAlignment="Right">0.0</Text>
        <Button Name="TriggerCmd" OnShow="Parent.DoCommand.onpress=(&apos;COND=&quot;Parent.Parent.Slots.&apos; ## Parent.TriggerSpell.sText ## &apos;.visible&quot; == true&apos;)&#xD;&#xA;Parent.DoCommand.press=true&#xD;&#xA;Parent.DoCommand.onpress=(&apos;Parent.TriggerCmd2.onpress=&quot;Parent.Parent.Slots.&apos; ## Parent.TriggerSpell.sText ## &apos;.sMacro&quot;&apos;)&#xD;&#xA;Parent.DoCommand.press=true&#xD;&#xA;Parent.TriggerCmd2.MYSPELL=Parent.TriggerSpell.Text&#xD;&#xA;Parent.TriggerCmd2.MYTARGET=Parent.Parent.TargetName.Text&#xD;&#xA;Parent.TriggerCmd2.visible=(Parent.DoCommand.COND ? true : false)&#xD;&#xA;Parent.TriggerSpell.OnTextChanged=Parent.TriggerSpell.codeToCopy&#xD;&#xA;Visible=false" textToCopy="gsay Text" Visible="false" />
        <Button Name="TriggerCmd2" OnShow="Parent.TriggerCmd2.press=true&#xD;&#xA;Visible=false" Visible="false" />
        <Text codeToCopy="COND1=(Parent.Parent.Parent.Name == &apos;_HUD&apos;)&#xD;&#xA;COND2=(Text == &apos;Default&apos;)&#xD;&#xA;COND3=(Text == &apos;&apos;)&#xD;&#xA;COND=(COND1 &amp;&amp; &apos;!&apos;COND2 &amp;&amp; &apos;!&apos;COND3)&#xD;&#xA;&#xD;&#xA;Parent.DoCommand.onpress=(&apos;sStripQuotes=&quot;&apos; ## Text ## &apos;&quot;&apos;)&#xD;&#xA;Parent.DoCommand.press=true&#xD;&#xA;bStrip=(Parent.DoCommand.sStripQuotes == Text)&#xD;&#xA;Parent.DoCommand.onpress=(&apos;sStripQuotes2=&apos; ## Text)&#xD;&#xA;Parent.DoCommand.visible=(bStrip ? false : true)&#xD;&#xA;sText=(bStrip? Parent.DoCommand.sStripQuotes : Parent.DoCommand.sStripQuotes2)&#xD;&#xA;&#xD;&#xA;Parent.TriggerCmd.Visible=(COND ? true : false)" DynamicData="/GameData.Spells.Casting" DynamicDataFilter="0002" Name="TriggerSpell" OnTextChanged="COND1=(Parent.Parent.Parent.Name == &apos;_HUD&apos;)&#xD;&#xA;COND2=(Text == &apos;Default&apos;)&#xD;&#xA;COND3=(Text == &apos;&apos;)&#xD;&#xA;COND=(COND1 &amp;&amp; &apos;!&apos;COND2 &amp;&amp; &apos;!&apos;COND3)&#xD;&#xA;&#xD;&#xA;Parent.DoCommand.onpress=(&apos;sStripQuotes=&quot;&apos; ## Text ## &apos;&quot;&apos;)&#xD;&#xA;Parent.DoCommand.press=true&#xD;&#xA;bStrip=(Parent.DoCommand.sStripQuotes == Text)&#xD;&#xA;Parent.DoCommand.onpress=(&apos;sStripQuotes2=&apos; ## Text)&#xD;&#xA;Parent.DoCommand.visible=(bStrip ? false : true)&#xD;&#xA;sText=(bStrip? Parent.DoCommand.sStripQuotes : Parent.DoCommand.sStripQuotes2)&#xD;&#xA;&#xD;&#xA;Parent.TriggerCmd.Visible=(COND ? true : false)" ShadowStyle="/ShadowStylesNew.OutlineDrop.style" Visible="false">DefaultText</Text>
        <Text AbsorbsInput="false" DynamicData="/GameData.Spells.Casting" Font="/TextStyles.Large.LargeStyle" Location="0,-2" Margin="1,0,2,2" Name="SpellName" PackSize="a,f" ScrollExtent="292,22" ShadowStyle="/ShadowStylesNew.OutlineDrop.style" Size="292,22" TextAlignment="Center" TextAlignmentVertical="Center">:8d7f373223a09120:[DEVL]Fighting Chance</Text>
        <Page Location="1,20" Name="Progress" PackSize="a,f" ScrollExtent="291,16" Size="291,16">
            <Page BackgroundOpacity="1.000" Location="-1,-2" Name="Frame" PackSize="a,a" RStyleDefault="/WindowElements.DesktopWindowFrame.data.frame.rect" ScrollExtent="292,19" Size="292,19" />
            <Progressbar AbsorbsInput="false" Color="#FCE319" DynamicData="/GameData.Spells.Casting" Location="4,4" Name="Bar" PackSize="a,a" Progress="0.500" ScrollExtent="283,8" Size="283,8" Style="/progressbarlist.Casting.casting_style" />
            <Page BackgroundOpacity="1.000" Location="3,3" Name="Background" PackSize="a,a" RStyleDefault="/progressbarlist.Casting.Bkg.rect" ScrollExtent="285,10" Size="285,10" />
        </Page>
    </Page>
    <Page AbsorbsInput="false" Name="WindowFrame" PackSize="absolute,absolute" ScrollExtent="300,46" Size="300,46">
        <Page AbsorbsInput="false" BackgroundOpacity="1.000" Name="Frame" PackLocation="left,top" PackSize="absolute,absolute" RStyleDefault="/WindowElements.DesktopWindowFrame.data.frame.rect" ScrollExtent="300,46" Size="300,46" />
        <Page AbsorbsInput="false" BackgroundOpacity="1.000" Location="2,2" Name="Bkg" PackLocation="left,top" PackSize="absolute,absolute" RStyleDefault="/WindowElements.DesktopWindowFrame.data.bkg.rect" ScrollExtent="298,44" Size="298,44" />
    </Page>
</Page>
