﻿<?xml version="1.0" encoding="utf-8"?>
<Page allowcloseontop="false" eq2usescomwndcontrols="true" Location="405,389" MaximumSize="800,50" MinimumSize="100,30" Name="DrumsUI_TargetCasting" PackLocation="center,bottom" ScrollExtent="270,30" Size="270,30" Tooltip="Target Casting Bar" UserMovable="true" UserResizable="true">
    <Text DynamicData="/GameData.General.Time" DynamicDataFilter="FFFE" Name="AutoLoad" OnShow="show_window Custom.DrumsUI_TargetCasting.Load" OnTextChanged="show_window Custom.DrumsUI_TargetCasting.AutoLoad" Visible="false" />
    <Text DynamicData="/GameData.Self.Name" Name="PlayerName" Visible="false" />
    <Button Name="Load" OnShow="show_window Custom.DrumsUI_TargetCasting&#xD;&#xA;show_window Custom.DrumsUI_TC_Auto&#xD;&#xA;Parent.LoadCheck.OnTextChanged=Parent.LoadCheck.codeToCopy&#xD;&#xA;Visible=false" Visible="false" />
    <Text codeToCopy="COND1=(Parent.Parent.Name == &apos;_HUD&apos;)&#xD;&#xA;COND2=(Parent.Parent.DrumsUI_TC_Auto.Name == &apos;DrumsUI_TC_Auto&apos;)&#xD;&#xA;COND3=(Parent.Parent.DrumsUI_TC_Auto.Width == 1)&#xD;&#xA;COND=(COND1 &amp;&amp; COND2 &amp;&amp; COND3)&#xD;&#xA;Parent.DoHide.visible=COND ? true : false&#xD;&#xA;Visible=COND ? false : true&#xD;&#xA;&#xD;&#xA;COND=(Parent.Parent.Name == &apos;Custom&apos;)&#xD;&#xA;Visible=COND ? false : true" DynamicData="/GameData.General.Time" Name="LoadCheck" OnHide="OnTextChanged=&apos;&apos;" />
    <Button Name="DoHide" OnShow="hide_window Custom.DrumsUI_TargetCasting&#xD;&#xA;Visible=false" Visible="false" />
    <Button Name="CheckOptions" OnPress="iType=show_casting_bars_type&#xD;&#xA;bCheck=(iType == 2)&#xD;&#xA;sHeight=(bCheck ? 30 : 50)&#xD;&#xA;&#xD;&#xA;window_property unlock Custom DrumsUI_TargetCasting&#xD;&#xA;Parent.Height=sHeight&#xD;&#xA;window_property lock Custom DrumsUI_TargetCasting" Visible="false" />
    <Page DynamicData="/GameData.ImpliedTarget.Casting" DynamicDataFilter="FFFFFBFF" Location="5,6" Name="ImpliedProgress" OnShow="Parent.CheckOptions.press=true&#xD;&#xA;TrackTime.visible=false&#xD;&#xA;TrackTime.visible=true" PackLocation="left,bottom" PackSize="a,f" ScrollExtent="261,19" Size="261,19" Visible="false">
        <LocationEffector Name="60s" Speed="1000,0" TargetLocation="60000,0" />
        <Page Name="TrackTime" OnMove="Parent.CheckTime.visible=true" OnShow="Location=(0,0)&#xD;&#xA;Parent.CheckTime.UpdateNext=100&#xD;&#xA;Parent.TimeRemain.text=(&apos; &apos;)" OnShowEffector="60s" Visible="false" />
        <Page Name="CheckTime" OnShow="vProgress=Parent.ImpliedBar.Progress&#xD;&#xA;vDuration=Parent.TrackTime.Left&#xD;&#xA;vFormula=(1 / vProgress)&#xD;&#xA;vCastTotal=(vFormula * vDuration)&#xD;&#xA;vCastCurrent=(vCastTotal * vProgress)&#xD;&#xA;vCastRemain=(vCastTotal - vCastCurrent)&#xD;&#xA;vCastRemain=int(vCastRemain / 100)&#xD;&#xA;vCastRemain=(vCastRemain / 10)&#xD;&#xA;&#xD;&#xA;vCastRemainLeft=int(vCastRemain)&#xD;&#xA;vCastRemainRight=(vCastRemain - vCastRemainLeft)&#xD;&#xA;vCastRemainRight=int(vCastRemainRight * 10)&#xD;&#xA;&#xD;&#xA;Parent.UpdateTime.vTimeRemain=(vCastRemainLeft)##(&apos;.&apos;)##(vCastRemainRight)##(&apos;s&apos;)&#xD;&#xA;&#xD;&#xA;bDoUpdate=(vDuration &gt; UpdateNext)&#xD;&#xA;Parent.UpdateTime.visible=(bDoUpdate)&#xD;&#xA;&#xD;&#xA;Visible=false" UpdateInc="100" UpdateNext="100" Visible="false" />
        <Page Name="UpdateTime" OnShow="Parent.TimeRemain.text=(vTimeRemain)&#xD;&#xA;Parent.CheckTime.UpdateNext=(Parent.CheckTime.UpdateNext + Parent.CheckTime.UpdateInc)&#xD;&#xA;&#xD;&#xA;Visible=false" Visible="false" vTimeRemain=" " />
        <Text AbsorbsInput="false" Font="/TextStyles.Normal.NormalStyle" Location="200,1" Name="TimeRemain" PackLocation="right,top" ScrollExtent="52,18" ShadowStyle="/ShadowStylesNew.OutlineDrop.style" Size="52,18" TextAlignment="Right">0.0</Text>
        <Text AbsorbsInput="false" DynamicData="/GameData.ImpliedTarget.Casting" DynamicDataFilter="FFFFFBFF" Font="/TextStyles.Normal.NormalStyle" Location="0,-1" Margin="1,0,2,2" Name="ImpliedSpellName" PackSize="a,f" ScrollExtent="262,22" ShadowStyle="/ShadowStylesNew.Outline.style" Size="262,22" TextAlignment="Center" TextAlignmentVertical="Center" />
        <Page BackgroundOpacity="1.000" Location="-1,-2" Name="Frame" PackSize="a,a" RStyleDefault="/WindowElements.DesktopWindowFrame.data.frame.rect" ScrollExtent="262,22" Size="262,22" />
        <Progressbar AbsorbsInput="false" Color="#FF0000" DynamicData="/GameData.ImpliedTarget.Casting" Location="4,4" Name="ImpliedBar" PackSize="a,a" Progress="0.500" ScrollExtent="253,11" Size="253,11" Style="/progressbarlist.Casting.casting_style" />
        <Page BackgroundOpacity="1.000" Location="3,3" Name="Background" PackSize="a,a" RStyleDefault="/progressbarlist.Casting.Bkg.rect" ScrollExtent="255,13" Size="255,13" />
    </Page>
    <Page DynamicData="/GameData.Target.Casting" DynamicDataFilter="FFFFFBFF" Location="5,6" Name="Progress" OnShow="TrackTime.visible=false&#xD;&#xA;TrackTime.visible=true" PackSize="a,f" ScrollExtent="261,19" Size="261,19" Visible="false">
        <LocationEffector Name="60s" Speed="1000,0" TargetLocation="60000,0" />
        <Page Name="TrackTime" OnMove="Parent.CheckTime.visible=true" OnShow="Location=(0,0)&#xD;&#xA;Parent.CheckTime.UpdateNext=100&#xD;&#xA;Parent.TimeRemain.text=(&apos; &apos;)" OnShowEffector="60s" Visible="false" />
        <Page Name="CheckTime" OnShow="vProgress=Parent.Bar.Progress&#xD;&#xA;vDuration=Parent.TrackTime.Left&#xD;&#xA;vFormula=(1 / vProgress)&#xD;&#xA;vCastTotal=(vFormula * vDuration)&#xD;&#xA;vCastCurrent=(vCastTotal * vProgress)&#xD;&#xA;vCastRemain=(vCastTotal - vCastCurrent)&#xD;&#xA;vCastRemain=int(vCastRemain / 100)&#xD;&#xA;vCastRemain=(vCastRemain / 10)&#xD;&#xA;&#xD;&#xA;vCastRemainLeft=int(vCastRemain)&#xD;&#xA;vCastRemainRight=(vCastRemain - vCastRemainLeft)&#xD;&#xA;vCastRemainRight=int(vCastRemainRight * 10)&#xD;&#xA;&#xD;&#xA;Parent.UpdateTime.vTimeRemain=(vCastRemainLeft)##(&apos;.&apos;)##(vCastRemainRight)##(&apos;s&apos;)&#xD;&#xA;&#xD;&#xA;bDoUpdate=(vDuration &gt; UpdateNext)&#xD;&#xA;Parent.UpdateTime.visible=(bDoUpdate)&#xD;&#xA;&#xD;&#xA;Visible=false" UpdateInc="100" UpdateNext="100" Visible="false" />
        <Page Name="UpdateTime" OnShow="Parent.TimeRemain.text=(vTimeRemain)&#xD;&#xA;Parent.CheckTime.UpdateNext=(Parent.CheckTime.UpdateNext + Parent.CheckTime.UpdateInc)&#xD;&#xA;&#xD;&#xA;Visible=false" Visible="false" vTimeRemain=" " />
        <Text AbsorbsInput="false" Font="/TextStyles.Normal.NormalStyle" Location="200,1" Name="TimeRemain" PackLocation="right,top" ScrollExtent="52,18" ShadowStyle="/ShadowStylesNew.OutlineDrop.style" Size="52,18" TextAlignment="Right">0.0</Text>
        <Text AbsorbsInput="false" DynamicData="/GameData.Target.Casting" DynamicDataFilter="FFFFFBFF" Font="/TextStyles.Normal.NormalStyle" Location="0,-1" Margin="1,0,2,2" Name="SpellName" PackSize="a,f" ScrollExtent="262,22" ShadowStyle="/ShadowStylesNew.Outline.style" Size="262,22" TextAlignment="Center" TextAlignmentVertical="Center" />
        <Page BackgroundOpacity="1.000" Location="-1,-2" Name="Frame" PackSize="a,a" RStyleDefault="/WindowElements.DesktopWindowFrame.data.frame.rect" ScrollExtent="262,22" Size="262,22" />
        <Progressbar AbsorbsInput="false" Color="#FF5555" DynamicData="/GameData.Target.Casting" Location="4,4" Name="Bar" PackSize="a,a" Progress="0.500" ScrollExtent="253,11" Size="253,11" Style="/progressbarlist.Casting.casting_style" />
        <Page BackgroundOpacity="1.000" Location="3,3" Name="Background" PackSize="a,a" RStyleDefault="/progressbarlist.Casting.Bkg.rect" ScrollExtent="255,13" Size="255,13" />
    </Page>
    <Page AbsorbsInput="false" Name="WindowFrame" PackSize="absolute,absolute" ScrollExtent="270,30" Size="270,30">
        <Page AbsorbsInput="false" BackgroundOpacity="1.000" Name="Frame" PackLocation="left,top" PackSize="absolute,absolute" RStyleDefault="/WindowElements.DesktopWindowFrame.data.frame.rect" ScrollExtent="270,30" Size="270,30" />
        <Page AbsorbsInput="false" BackgroundOpacity="1.000" Location="2,2" Name="Bkg" PackLocation="left,top" PackSize="absolute,absolute" RStyleDefault="/WindowElements.DesktopWindowFrame.data.bkg.rect" ScrollExtent="268,26" Size="268,26" />
    </Page>
</Page>
