﻿<?xml version="1.0" encoding="utf-8"?>
<Page AbsorbsInput="false" Name="WindowFrameMini" PackSize="a,a" ScrollExtent="1028,768" Size="1028,768">
    <Page GetsInput="false" Location="3,32" Name="MapRect" PackSize="a,a" ScrollExtent="994,732" Size="994,732">
        <Image Opacity="0.000" Location="977,350" Name="East" PackLocation="right,center" ScrollExtent="17,32" Size="17,32" SourceRect="364,299,381,331" SourceResource="images/specialelements.dds" />
        <Image Opacity="0.000" Location="0,350" Name="West" PackLocation="left,center" ScrollExtent="17,32" Size="17,32" SourceRect="348,299,365,331" SourceResource="images/specialelements.dds" />
        <Image Opacity="0.000" Location="481,715" Name="South" PackLocation="center,bottom" ScrollExtent="32,17" Size="32,17" SourceRect="303,304,335,321" SourceResource="images/specialelements.dds" />
        <Image Opacity="0.000" Location="481,0" Name="North" PackLocation="center,top" ScrollExtent="32,17" Size="32,17" SourceRect="271,309,303,326" SourceResource="images/specialelements.dds" />
    </Page>
    <Page AbsorbsInput="false" BackgroundOpacity="1.000" Location="22,0" MinimumSize="150,0" Name="RightGrouper" PackLocation="left,top" PackSize="absolute,fixed" RStyleDefault="/WindowElements.ThickDesktopWindowFrame.data.right_grouper.rect" ScrollExtent="1006,84" Size="1006,84">
        <Text AbsorbsInput="false" DynamicData="/GameData.Self.ZoneName" Font="/TextStyles.Normal.NormalStyle" Location="31,9" MaxLines="1" Name="Title" PackSize="absolute,fixed" ScrollExtent="916,20" ShadowStyle="/ShadowStylesNew.Outline.style" Size="916,20" TextAlignment="Center" TextAlignmentVertical="Center" TextColor="#F0D080">:69c2ff87b09b6c34:[DEVL]Zone Name</Text>
    </Page>
    <Page Location="974,6" Name="LeftGrouper" PackLocation="right,top" ScrollExtent="47,47" Size="47,47">
        <Image AbsorbsInput="false" Location="1,18" Name="Foreground" ScrollExtent="45,28" Size="45,28" SourceRect="302,374,347,402" SourceResource="images/specialelements.dds" />
        <Image GetsInput="true" Name="Dial" ScrollExtent="47,47" Size="47,47" SourceRect="248,371,295,418" SourceResource="images/specialelements.dds" />
    </Page>
    <Page AbsorbsInput="false" BackgroundOpacity="1.000" GetsInput="false" Location="0,26" Name="Frame" PackLocation="left,top" PackSize="absolute,absolute" RStyleDefault="/WindowElements.ThickDesktopWindowFrame.data.frame.rect" ScrollExtent="1002,743" Size="1002,743" />
</Page>
