﻿<?xml version="1.0" encoding="utf-8"?>
<Text AbsorbsInput="false" Font="/Fonts.FontZapf18" Location="1379,870" Name="PoiCloneText" PackLocation="cpc,cpc"ShadowStyle="/ShadowStyles.Outline1" Size="160,22" TextAlignment="Center" TextAlignmentVertical="Center" />
<Text AbsorbsInput="false" Font="/Fonts.FontZapf20" Location="1379,870" Name="PoiCloneText title" PackLocation="cpc,cpc"  ShadowStyle="/ShadowStyles.Outline1" Size="160,22" TextAlignment="Center" TextAlignmentVertical="Center" />
<ButtonStyle DisabledTextColor="#FBF1D9" DisabledTextStyle="/Fonts.FontZapf16" MouseOverSound="ui_mouseover" MouseOverTextShadowStyle="/ShadowStyles.Outline1" MouseOverTextStyle="/Fonts.FontZapf16" Name="poilink_button_style" NormalTextColor="#FFDCB8" NormalTextShadowStyle="/ShadowStyles.Outline1" NormalTextStyle="/Fonts.FontZapf16" PressedTextStyle="/Fonts.FontZapf16" PressSound="ui_pressed" ReleaseSound="ui_released" RStyleActivated="active.rect" RStyleDefault="inactive.rect" RStyleDisabled="active.rect" RStyleDisabledActivated="active.rect" RStyleMouseOver="inactive.rect" RStyleMouseOverActivated="active.rect" RStyleMouseOverSelected="active.rect" RStyleSelected="active.rect" SelectedTextStyle="/Fonts.FontZapf16" />
<ButtonStyle DisabledTextColor="#FBF1D9" DisabledTextStyle="/Fonts.FontZapf18" MouseOverSound="ui_mouseover" MouseOverTextShadowStyle="/ShadowStyles.Outline1" MouseOverTextStyle="/Fonts.FontZapf18" Name="poilink_button_style_large" NormalTextColor="#FFDCB8" NormalTextShadowStyle="/ShadowStyles.Outline1" NormalTextStyle="/Fonts.FontZapf18" PressedTextStyle="/Fonts.FontZapf18" PressSound="ui_pressed" ReleaseSound="ui_released" RStyleActivated="active.rect" RStyleDefault="inactive.rect" RStyleDisabled="active.rect" RStyleDisabledActivated="active.rect" RStyleMouseOver="inactive.rect" RStyleMouseOverActivated="active.rect" RStyleMouseOverSelected="active.rect" RStyleSelected="active.rect" SelectedTextStyle="/Fonts.FontZapf18" />
<Button AutoResize="true" BackgroundOpacity="0.000" Location="820,10" Margin="2,0,2,0" MaximumSize="16384,26" MinimumSize="26,26" Name="PoiCloneButton linkdown" PackLocation="right,top" Size="70,26" Style="poilink_button_style" Tooltip=":69c2ff87b67dc0cd:Link to detail map" />
<Button AutoResize="true" BackgroundOpacity="0.000" Location="820,10" Margin="2,0,2,0" MaximumSize="16384,26" MinimumSize="26,26" Name="PoiCloneButton linkup" PackLocation="right,top" Size="70,26" Style="poilink_button_style" Tooltip=":69c2ff8767447315:Link to overview map" />
<Button AutoResize="true" BackgroundOpacity="0.000" Location="820,10" Margin="2,0,2,0" MaximumSize="16384,26" MinimumSize="26,26" Name="PoiCloneButton linkdownlarge" PackLocation="right,top" Size="70,26" Style="poilink_button_style_large" Tooltip=":69c2ff87b67dc0cd_1:Link to detail map" />
<Button AutoResize="true" BackgroundOpacity="0.000" Location="820,10" Margin="2,0,2,0" MaximumSize="16384,26" MinimumSize="26,26" Name="PoiCloneButton linkuplarge" PackLocation="right,top" Size="70,26" Style="poilink_button_style_large" Tooltip=":69c2ff8767447315_1:Link to overview map" />
<Icon BackgroundTint="#000000" IconRect="227,225,234,234" IconResource="/images/icons/icon_map1.dds" IconStyle="style" IconType="map" MouseOverColor="#FFFF00" Name="PoiClone location" displayname="location" PoiType="LOCATION" PressedColor="#FFFF00" Size="7,9" TreatAsButton="true" Visible="false" />
<Icon BackgroundTint="#000000" IconRect="358,492,365,501" IconResource="/images/mugshots_female.dds" IconStyle="style" IconType="map" MouseOverColor="#FFFF00" Name="PoiClone monster" displayname="monster" PoiType="MOB" PressedColor="#FFFF00" Size="7,9" TreatAsButton="true" Visible="false" />
<Icon BackgroundTint="#000000" IconRect="49,91,66,108" IconResource="/images/icons/icon_map1.dds" IconStyle="style" IconType="map" MouseOverColor="#FFFF00" Name="PoiClone npc" displayname="npc" PoiType="NPC" PressedColor="#FFFF00" Size="17,17" TreatAsButton="true" Visible="false" />
<Icon BackgroundTint="#000000" IconRect="90,48,110,68" IconResource="/images/icons/icon_map1.dds" IconStyle="style" IconType="map" MouseOverColor="#FFFF00" Name="PoiClone quest" displayname="quest" PoiType="QUESTSTART" PressedColor="#FFFF00" Size="20,20" TreatAsButton="true" Visible="false" />
<Icon BackgroundTint="#000000" IconRect="84,0,126,42" IconResource="/images/icons/icon_map4.dds" IconStyle="style" IconType="map" MouseOverColor="#FFFF00" Name="PoiClone jeweler" displayname="jeweler" PoiType="SHOP" PressedColor="#FFFF00" Size="14,14" TreatAsButton="true" Visible="false" />
<Icon BackgroundTint="#000000" IconRect="126,0,168,42" IconResource="/images/icons/icon_map4.dds" IconStyle="style" IconType="map" MouseOverColor="#FFFF00" Name="PoiClone tailor" displayname="tailor" PoiType="SHOP" PressedColor="#FFFF00" Size="14,14" TreatAsButton="true" Visible="false" />
<Icon BackgroundTint="#000000" IconRect="42,0,84,42" IconResource="/images/icons/icon_map4.dds" IconStyle="style" IconType="map" MouseOverColor="#FFFF00" Name="PoiClone furniture" displayname="furniture" PoiType="SHOP" PressedColor="#FFFF00" Size="14,14" TreatAsButton="true" Visible="false" />
<Icon BackgroundTint="#000000" IconRect="0,0,42,42" IconResource="/images/icons/icon_map4.dds" IconStyle="style" IconType="map" MouseOverColor="#FFFF00" Name="PoiClone shop" displayname="shop" PoiType="LOCATION" PressedColor="#FFFF00" Size="14,14" TreatAsButton="true" Visible="false" />
<Icon BackgroundTint="#000000" IconRect="84,84,126,126" IconResource="/images/icons/icon_map4.dds" IconStyle="style" IconType="map" MouseOverColor="#FFFF00" Name="PoiClone harbor" displayname="harbor" PoiType="BELL" PressedColor="#FFFF00" Size="14,14" TreatAsButton="true" Visible="false" />
<Icon BackgroundTint="#000000" IconRect="168,0,210,42" IconResource="/images/icons/icon_map4.dds" IconStyle="style" IconType="map" MouseOverColor="#FFFF00" Name="PoiClone ammunition" displayname="ammunition" PoiType="SHOP" PressedColor="#FFFF00" Size="14,14" TreatAsButton="true" Visible="false" />
<Icon BackgroundTint="#000000" IconRect="210,0,252,42" IconResource="/images/icons/icon_map4.dds" IconStyle="style" IconType="map" MouseOverColor="#FFFF00" Name="PoiClone tavern" displayname="tavern" PoiType="SHOP" PressedColor="#FFFF00" Size="14,14" TreatAsButton="true" Visible="false" />
<Icon BackgroundTint="#000000" IconRect="0,168,42,210" IconResource="/images/icons/icon_map4.dds" IconStyle="style" IconType="map" MouseOverColor="#FFFF00" Name="PoiClone guild housing" displayname="guild housing" PoiType="HOUSE" PressedColor="#FFFF00" Size="14,14" TreatAsButton="true" Visible="false" />
<Icon BackgroundTint="#000000" IconRect="210,42,252,84" IconResource="/images/icons/icon_map4.dds" IconStyle="style" IconType="map" MouseOverColor="#FFFF00" Name="PoiClone scribe" displayname="scribe" PoiType="SHOP" PressedColor="#FFFF00" Size="14,14" TreatAsButton="true" Visible="false" />
<Icon BackgroundTint="#000000" IconRect="0,42,42,84" IconResource="/images/icons/icon_map4.dds" IconStyle="style" IconType="map" MouseOverColor="#FFFF00" Name="PoiClone armor" displayname="armor" PoiType="SHOP" PressedColor="#FFFF00" Size="14,14" TreatAsButton="true" Visible="false" />
<Icon BackgroundTint="#000000" IconRect="42,42,84,84" IconResource="/images/icons/icon_map4.dds" IconStyle="style" IconType="map" MouseOverColor="#FFFF00" Name="PoiClone artisan" displayname="artisan" PoiType="SHOP" PressedColor="#FFFF00" Size="14,14" TreatAsButton="true" Visible="false" />
<Icon BackgroundTint="#000000" IconRect="84,168,126,210" IconResource="/images/icons/icon_map4.dds" IconStyle="style" IconType="map" MouseOverColor="#FFFF00" Name="PoiClone inn" displayname="inn" PoiType="LOCATION" PressedColor="#FFFF00" Size="14,14" TreatAsButton="true" Visible="false" />
<Icon BackgroundTint="#000000" IconRect="0,0,42,42" IconResource="/images/icons/icon_map5.dds" IconStyle="style" IconType="map" MouseOverColor="#FFFF00" Name="PoiClone bank" displayname="bank" PoiType="LOCATION" PressedColor="#FFFF00" Size="14,14" TreatAsButton="true" Visible="false" />
<Icon BackgroundTint="#000000" IconRect="42,168,84,210" IconResource="/images/icons/icon_map4.dds" IconStyle="style" IconType="map" MouseOverColor="#FFFF00" Name="PoiClone player housing" displayname="player housing" PoiType="HOUSE" PressedColor="#FFFF00" Size="14,14" TreatAsButton="true" Visible="false" />
<Icon BackgroundTint="#000000" IconRect="84,42,126,84" IconResource="/images/icons/icon_map4.dds" IconStyle="style" IconType="map" MouseOverColor="#FFFF00" Name="PoiClone potions" displayname="potions" PoiType="SHOP" PressedColor="#FFFF00" Size="14,14" TreatAsButton="true" Visible="false" />
<Icon BackgroundTint="#000000" IconRect="126,42,168,84" IconResource="/images/icons/icon_map4.dds" IconStyle="style" IconType="map" MouseOverColor="#FFFF00" Name="PoiClone weapons" displayname="weapons" PoiType="SHOP" PressedColor="#FFFF00" Size="14,14" TreatAsButton="true" Visible="false" />
<Icon BackgroundTint="#000000" IconRect="168,168,210,210" IconResource="/images/icons/icon_map4.dds" IconStyle="style" IconType="map" MouseOverColor="#FFFF00" Name="PoiClone site" displayname="site" PoiType="LOCATION" PressedColor="#FFFF00" Size="12,12" TreatAsButton="true" Visible="false" />
<Icon BackgroundTint="#000000" IconRect="126,0,168,42" IconResource="/images/icons/icon_map5.dds" IconStyle="style" IconType="map" MouseOverColor="#FFFF00" Name="PoiClone stables" displayname="stables" PoiType="SHOP" PressedColor="#FFFF00" Size="14,14" TreatAsButton="true" Visible="false" />
<Icon BackgroundTint="#000000" IconRect="210,210,252,252" IconResource="/images/icons/icon_map4.dds" IconStyle="style" IconType="map" MouseOverColor="#FFFF00" Name="PoiClone respawn" displayname="respawn" PoiType="LOCATION" PressedColor="#FFFF00" Size="18,18" TreatAsButton="true" Visible="false" />
<Icon BackgroundTint="#000000" IconRect="42,126,84,168" IconResource="/images/icons/icon_map4.dds" IconStyle="style" IconType="map" MouseOverColor="#FFFF00" Name="PoiClone outpost" displayname="outpost" PoiType="LOCATION" PressedColor="#FFFF00" Size="14,14" TreatAsButton="true" Visible="false" />
<Icon BackgroundTint="#000000" IconRect="84,126,126,168" IconResource="/images/icons/icon_map4.dds" IconStyle="style" IconType="map" MouseOverColor="#FFFF00" Name="PoiClone building" displayname="building" PoiType="LOCATION" PressedColor="#FFFF00" Size="14,14" TreatAsButton="true" Visible="false" />
<Icon BackgroundTint="#000000" IconRect="210,84,252,126" IconResource="/images/icons/icon_map4.dds" IconStyle="style" IconType="map" MouseOverColor="#FFFF00" Name="PoiClone zone" displayname="zone" PoiType="ZONE" PressedColor="#FFFF00" Size="16,16" TreatAsButton="true" Visible="false" />
<Icon BackgroundTint="#000000" IconRect="168,126,210,168" IconResource="/images/icons/icon_map4.dds" IconStyle="style" IconType="map" MouseOverColor="#FFFF00" Name="PoiClone town" displayname="town" PoiType="LOCATION" PressedColor="#FFFF00" Size="16,16" TreatAsButton="true" Visible="false" />
<Icon BackgroundTint="#000000" IconRect="168,84,210,126" IconResource="/images/icons/icon_map4.dds" IconStyle="style" IconType="map" MouseOverColor="#FFFF00" Name="PoiClone transport" displayname="transport" PoiType="TRANSPORT" PressedColor="#FFFF00" Size="14,14" TreatAsButton="true" Visible="false" />
<Icon BackgroundTint="#000000" IconRect="42,84,84,126" IconResource="/images/icons/icon_map4.dds" IconStyle="style" IconType="map" MouseOverColor="#FFFF00" Name="PoiClone teleporter" displayname="teleporter" PoiType="TRANSPORT" PressedColor="#FFFF00" Size="14,14" TreatAsButton="true" Visible="false" />
<Icon BackgroundTint="#000000" IconRect="126,84,168,126" IconResource="/images/icons/icon_map4.dds" IconStyle="style" IconType="map" MouseOverColor="#FFFF00" Name="PoiClone boat" displayname="boat" PoiType="ZONE" PressedColor="#FFFF00" Size="16,16" TreatAsButton="true" Visible="false" />
<Icon BackgroundTint="#000000" IconRect="168,84,210,126" IconResource="/images/icons/icon_map4.dds" IconStyle="style" IconType="map" MouseOverColor="#FFFF00" Name="PoiClone grifftower" displayname="grifftower" PoiType="TRANSPORT" PressedColor="#FFFF00" Size="14,14" TreatAsButton="true" Visible="false" />
<Icon BackgroundTint="#000000" IconRect="168,84,210,126" IconResource="/images/icons/icon_map4.dds" IconStyle="style" IconType="map" MouseOverColor="#FFFF00" Name="PoiClone sokokarpost" displayname="sokokarpost" PoiType="TRANSPORT" PressedColor="#FFFF00" Size="14,14" TreatAsButton="true" Visible="false" />
<Icon BackgroundTint="#000000" IconRect="210,126,252,168" IconResource="/images/icons/icon_map4.dds" IconStyle="style" IconType="map" MouseOverColor="#FFFF00" Name="PoiClone mailbox" displayname="mailbox" PoiType="LOCATION" PressedColor="#FFFF00" Size="14,14" TreatAsButton="true" Visible="false" />
<Icon BackgroundTint="#000000" IconRect="0,126,42,168" IconResource="/images/icons/icon_map4.dds" IconStyle="style" IconType="map" MouseOverColor="#FFFF00" Name="PoiClone door" displayname="door" PoiType="ZONE" PressedColor="#FFFF00" Size="16,16" TreatAsButton="true" Visible="false" />
<Icon BackgroundTint="#000000" IconRect="210,84,252,126" IconResource="/images/icons/icon_map4.dds" IconStyle="style" IconType="map" MouseOverColor="#FFFF00" Name="PoiClone overland" displayname="overland" PoiType="ZONE" PressedColor="#FFFF00" Size="16,16" TreatAsButton="true" Visible="false" />
<Icon BackgroundTint="#000000" IconRect="168,84,210,126" IconResource="/images/icons/icon_map4.dds" IconStyle="style" IconType="map" MouseOverColor="#FFFF00" Name="PoiClone carpet" displayname="carpet" PoiType="TRANSPORT" PressedColor="#FFFF00" Size="14,14" TreatAsButton="true" Visible="false" />
<Icon BackgroundTint="#000000" IconRect="168,42,210,84" IconResource="/images/icons/icon_map4.dds" IconStyle="style" IconType="map" MouseOverColor="#FFFF00" Name="PoiClone horse" displayname="horse" PoiType="TRANSPORT" PressedColor="#FFFF00" Size="14,14" TreatAsButton="true" Visible="false" />
<Icon BackgroundTint="#000000" IconRect="168,0,210,42" IconResource="/images/icons/icon_map5.dds" IconStyle="style" IconType="map" MouseOverColor="#FFFF00" Name="PoiClone tradeskill" displayname="tradeskill" PoiType="LOCATION" PressedColor="#FFFF00" Size="14,14" TreatAsButton="true" Visible="false" />
<Icon BackgroundTint="#000000" IconRect="0,84,42,126" IconResource="/images/icons/icon_map4.dds" IconStyle="style" IconType="map" MouseOverColor="#FFFF00" Name="PoiClone provisioner" displayname="provisioner" PoiType="SHOP" PressedColor="#FFFF00" Size="14,14" TreatAsButton="true" Visible="false" />
<Icon BackgroundTint="#000000" IconRect="42,0,84,42" IconResource="/images/icons/icon_map5.dds" IconStyle="style" IconType="map" MouseOverColor="#FFFF00" Name="PoiClone linkdown" displayname="linkdown" PoiType="" PressedColor="#FFFF00" Size="20,20" TreatAsButton="true" Visible="false" />
<Icon BackgroundTint="#000000" IconRect="84,0,126,42" IconResource="/images/icons/icon_map5.dds" IconStyle="style" IconType="map" MouseOverColor="#FFFF00" Name="PoiClone linkup" displayname="linkup" PoiType="" PressedColor="#FFFF00" Size="20,20" TreatAsButton="true" Visible="false" />
<Icon BackgroundTint="#000000" IconRect="36,7,56,27" IconResource="/images/icons/icon_eq2map2.dds" IconStyle="style" IconType="map" MouseOverColor="#FFFF00" Name="PoiClone queststart" displayname="queststart" PoiType="QUESTSTART" PressedColor="#FFFF00" Size="20,20" TreatAsButton="true" Visible="false" />
<Icon BackgroundTint="#000000" IconRect="36,36,56,56" IconResource="/images/icons/icon_eq2map2.dds" IconStyle="style" IconType="map" MouseOverColor="#FFFF00" Name="PoiClone questnpc" displayname="questnpc" PoiType="QUESTSTART" PressedColor="#FFFF00" Size="20,20" TreatAsButton="true" Visible="false" />
<Icon BackgroundTint="#000000" IconRect="66,7,86,27" IconResource="/images/icons/icon_eq2map2.dds" IconStyle="style" IconType="map" MouseOverColor="#FFFF00" Name="PoiClone questupdate" displayname="questupdate" PoiType="QUESTUPDATE" PressedColor="#FFFF00" Size="20,20" TreatAsButton="true" Visible="false" />
<Icon BackgroundTint="#000000" IconRect="358,492,365,501" IconResource="/images/mugshots_female.dds" IconStyle="style" IconType="map" MouseOverColor="#FFFF00" Name="PoiClone mobsolo" displayname="mobsolo" PoiType="MOBSOLO" PressedColor="#FFFF00" Size="7,9" TreatAsButton="true" Visible="false" />
<Icon BackgroundTint="#000000" IconRect="248,491,256,502" IconResource="/images/mugshots_female.dds" IconStyle="style" IconType="map" MouseOverColor="#FFFF00" Name="PoiClone mobheroic" displayname="mobheroic" PoiType="MOBHEROIC" PressedColor="#FFFF00" Size="8,11" TreatAsButton="true" Visible="false" />
<Icon BackgroundTint="#000000" IconRect="248,491,256,502" IconResource="/images/mugshots_female.dds" IconStyle="style" IconType="map" MouseOverColor="#FFFF00" Name="PoiClone mobnamed" displayname="mobnamed" PoiType="MOBNAMED" PressedColor="#FFFF00" Size="8,11" TreatAsButton="true" Visible="false" />
<Icon BackgroundTint="#000000" IconRect="126,126,168,168" IconResource="/images/icons/icon_map4.dds" IconStyle="style" IconType="map" MouseOverColor="#FFFF00" Name="PoiClone cave" displayname="cave" PoiType="LOCATION" PressedColor="#FFFF00" Size="14,14" TreatAsButton="true" Visible="false" />
<Icon BackgroundTint="#000000" IconRect="66,36,86,56" IconResource="/images/icons/icon_eq2map2.dds" IconStyle="style" IconType="map" MouseOverColor="#FFFF00" Name="PoiClone questupdatenpc" displayname="questupdatenpc" PoiType="QUESTUPDATE" PressedColor="#FFFF00" Size="20,20" TreatAsButton="true" Visible="false" />
<Icon BackgroundTint="#000000" IconRect="210,0,252,42" IconResource="/images/icons/icon_is6.dds" IconStyle="style" IconType="map" MouseOverColor="#FFFF00" Name="PoiClone bookpage" displayname="bookpage" PoiType="BOOK" PressedColor="#FFFF00" Size="14,14" TreatAsButton="true" Visible="false" />
<Icon BackgroundTint="#000000" Color="#00c0c0" IconRect="168,42,210,84" IconResource="images/icons/icon_map5.dds" IconStyle="style" IconType="map" Location="98,242" MouseOverColor="#FFFF00" Name="questIconTemplate" PressedColor="#FFFF00" ScrollExtent="23,23" Size="23,23" TreatAsButton="true" Visible="false" /><IconStyle description="For the map icons" IconRect="42,168,84,210" IconResource="/images/icons/icon_map1.dds" MouseOverRect="210,0,252,42" MouseOverResource="/images/icons/icon_transp1.dds" Name="style" PressedRect="210,0,252,42" PressedResource="/images/icons/icon_transp1.dds"/>
<Button AutoResize="true" BackgroundOpacity="0.000" Location="820,10" Margin="2,0,2,0" MaximumSize="16384,26" MinimumSize="26,26" Name="PoiCloneButton" PackLocation="right,top" Size="70,26" Style="poilink_button_style" />
<IconStyle description="For the map icons" IconRect="42,168,84,210" IconResource="/images/icons/icon_map1.dds" MouseOverRect="210,0,252,42" MouseOverResource="/images/icons/icon_transp1.dds" Name="style" PressedRect="210,0,252,42" PressedResource="/images/icons/icon_transp1.dds"/>
<IconStyle description="For the map icons" IconRect="84,168,126,210" IconResource="/images/icons/icon_map1.dds" MouseOverRect="126,168,168,210" MouseOverResource="/images/icons/icon_map1.dds" Name="zoningstyle" PressedRect="126,168,168,210" PressedResource="/images/icons/icon_map1.dds"/>
<IconStyle description="For the map icons" IconRect="42,42,84,84" IconResource="images/icons/icon_map5.dds" MouseOverRect="210,0,252,42" MouseOverResource="/images/icons/icon_transp1.dds" Name="questGiverDotIconStyle" PressedRect="210,0,252,42" PressedResource="/images/icons/icon_transp1.dds" />
<IconStyle description="For the map icons" IconRect="126,42,168,84" IconResource="images/icons/icon_map5.dds" MouseOverRect="210,0,252,42" MouseOverResource="/images/icons/icon_transp1.dds" Name="questUpdaterDotIconStyle" PressedRect="210,0,252,42" PressedResource="/images/icons/icon_transp1.dds" />
<IconStyle description="For the map icons" IconRect="84,42,126,84" IconResource="images/icons/icon_map5.dds" MouseOverRect="210,0,252,42" MouseOverResource="/images/icons/icon_transp1.dds" Name="questCompleteDotIconStyle" PressedRect="210,0,252,42" PressedResource="/images/icons/icon_transp1.dds" />
